iteration,removed_column,all_columns,columns_count,current_result,best_result
0,None,"DEPARTMENT, MAJOR, ZYFX, XBMC, ZXWYYZMC, XLMC, XXXSMC, JTDZ, GZZWLBMC, 6_LWMC, 6_FBKW, 10_PIM, 10_QKMC, 10_JSLB, 10_JCRFQ, 10_PM, 11_PIM, 11_HYMC, 11_HYLB, 11_PM, 12_ZZMC, 12_CBS, 12_PM, 13_ZLTM, 13_SQLX, 13_ZLWXZL, 13_PM, 14_KYXMMC, 14_JXMC, 14_FJJG, 14_JXJB, 14_PM, 15_HDMC, 15_HDFS, 15_ZZDW, 15_BRJS, 15_HDQDCG, 16_JXMC, 16_CGLB, 16_CGMC, 16_JXJB, 16_JXDJ, 16_SJDW, 17_HYMC, 17_HYZT, 17_BRJS, 17_ZBDW, 18_XMMC, 18_LHPYGJ, 18_KYYSMC, 18_YJFX, 18_ZYCG, 20_LWMC, 20_QKMC, 20_FQ, 20_HYMC, 21_CGMC, 21_CGCXD, 21_CGCNYYZHQK, 21_QTCGXS, 22_ZLMC, 22_ZLJJ, 22_ZLZHQK, 24_ZZMC, 24_CBSMC, 24_BRSZGZ, 25_HYMC, 25_HYZT, 26_JWGX/KYY/ZZMC, 26_XMMC, 26_YJFX, 27_HDMC, 28_JNMC, 30_BDMC, 30_SJZY, 31_XMMC, 31_XMLY, 31_ZZWCDW, 32_CGMC, 34_ZSXX_BYXX, 34_ZSXX_KSFS, 34_XSGZYJZGW_XSGBJL",82,0.701,0.701
1,34_XSGZYJZGW_XSGBJL,"DEPARTMENT, MAJOR, ZYFX, XBMC, ZXWYYZMC, XLMC, XXXSMC, JTDZ, GZZWLBMC, 6_LWMC, 6_FBKW, 10_PIM, 10_QKMC, 10_JSLB, 10_JCRFQ, 10_PM, 11_PIM, 11_HYMC, 11_HYLB, 11_PM, 12_ZZMC, 12_CBS, 12_PM, 13_ZLTM, 13_SQLX, 13_ZLWXZL, 13_PM, 14_KYXMMC, 14_JXMC, 14_FJJG, 14_JXJB, 14_PM, 15_HDMC, 15_HDFS, 15_ZZDW, 15_BRJS, 15_HDQDCG, 16_JXMC, 16_CGLB, 16_CGMC, 16_JXJB, 16_JXDJ, 16_SJDW, 17_HYMC, 17_HYZT, 17_BRJS, 17_ZBDW, 18_XMMC, 18_LHPYGJ, 18_KYYSMC, 18_YJFX, 18_ZYCG, 20_LWMC, 20_QKMC, 20_FQ, 20_HYMC, 21_CGMC, 21_CGCXD, 21_CGCNYYZHQK, 21_QTCGXS, 22_ZLMC, 22_ZLJJ, 22_ZLZHQK, 24_ZZMC, 24_CBSMC, 24_BRSZGZ, 25_HYMC, 25_HYZT, 26_JWGX/KYY/ZZMC, 26_XMMC, 26_YJFX, 27_HDMC, 28_JNMC, 30_BDMC, 30_SJZY, 31_XMMC, 31_XMLY, 31_ZZWCDW, 32_CGMC, 34_ZSXX_BYXX, 34_ZSXX_KSFS, 34_XSGZYJZGW_XSGBJL",82,0.699,0.701
2,34_ZSXX_KSFS,"DEPARTMENT, MAJOR, ZYFX, XBMC, ZXWYYZMC, XLMC, XXXSMC, JTDZ, GZZWLBMC, 6_LWMC, 6_FBKW, 10_PIM, 10_QKMC, 10_JSLB, 10_JCRFQ, 10_PM, 11_PIM, 11_HYMC, 11_HYLB, 11_PM, 12_ZZMC, 12_CBS, 12_PM, 13_ZLTM, 13_SQLX, 13_ZLWXZL, 13_PM, 14_KYXMMC, 14_JXMC, 14_FJJG, 14_JXJB, 14_PM, 15_HDMC, 15_HDFS, 15_ZZDW, 15_BRJS, 15_HDQDCG, 16_JXMC, 16_CGLB, 16_CGMC, 16_JXJB, 16_JXDJ, 16_SJDW, 17_HYMC, 17_HYZT, 17_BRJS, 17_ZBDW, 18_XMMC, 18_LHPYGJ, 18_KYYSMC, 18_YJFX, 18_ZYCG, 20_LWMC, 20_QKMC, 20_FQ, 20_HYMC, 21_CGMC, 21_CGCXD, 21_CGCNYYZHQK, 21_QTCGXS, 22_ZLMC, 22_ZLJJ, 22_ZLZHQK, 24_ZZMC, 24_CBSMC, 24_BRSZGZ, 25_HYMC, 25_HYZT, 26_JWGX/KYY/ZZMC, 26_XMMC, 26_YJFX, 27_HDMC, 28_JNMC, 30_BDMC, 30_SJZY, 31_XMMC, 31_XMLY, 31_ZZWCDW, 32_CGMC, 34_ZSXX_BYXX, 34_XSGZYJZGW_XSGBJL",81,0.706,0.706
3,34_ZSXX_BYXX,"DEPARTMENT, MAJOR, ZYFX, XBMC, ZXWYYZMC, XLMC, XXXSMC, JTDZ, GZZWLBMC, 6_LWMC, 6_FBKW, 10_PIM, 10_QKMC, 10_JSLB, 10_JCRFQ, 10_PM, 11_PIM, 11_HYMC, 11_HYLB, 11_PM, 12_ZZMC, 12_CBS, 12_PM, 13_ZLTM, 13_SQLX, 13_ZLWXZL, 13_PM, 14_KYXMMC, 14_JXMC, 14_FJJG, 14_JXJB, 14_PM, 15_HDMC, 15_HDFS, 15_ZZDW, 15_BRJS, 15_HDQDCG, 16_JXMC, 16_CGLB, 16_CGMC, 16_JXJB, 16_JXDJ, 16_SJDW, 17_HYMC, 17_HYZT, 17_BRJS, 17_ZBDW, 18_XMMC, 18_LHPYGJ, 18_KYYSMC, 18_YJFX, 18_ZYCG, 20_LWMC, 20_QKMC, 20_FQ, 20_HYMC, 21_CGMC, 21_CGCXD, 21_CGCNYYZHQK, 21_QTCGXS, 22_ZLMC, 22_ZLJJ, 22_ZLZHQK, 24_ZZMC, 24_CBSMC, 24_BRSZGZ, 25_HYMC, 25_HYZT, 26_JWGX/KYY/ZZMC, 26_XMMC, 26_YJFX, 27_HDMC, 28_JNMC, 30_BDMC, 30_SJZY, 31_XMMC, 31_XMLY, 31_ZZWCDW, 32_CGMC, 34_XSGZYJZGW_XSGBJL",80,0.706,0.706
4,32_CGMC,"DEPARTMENT, MAJOR, ZYFX, XBMC, ZXWYYZMC, XLMC, XXXSMC, JTDZ, GZZWLBMC, 6_LWMC, 6_FBKW, 10_PIM, 10_QKMC, 10_JSLB, 10_JCRFQ, 10_PM, 11_PIM, 11_HYMC, 11_HYLB, 11_PM, 12_ZZMC, 12_CBS, 12_PM, 13_ZLTM, 13_SQLX, 13_ZLWXZL, 13_PM, 14_KYXMMC, 14_JXMC, 14_FJJG, 14_JXJB, 14_PM, 15_HDMC, 15_HDFS, 15_ZZDW, 15_BRJS, 15_HDQDCG, 16_JXMC, 16_CGLB, 16_CGMC, 16_JXJB, 16_JXDJ, 16_SJDW, 17_HYMC, 17_HYZT, 17_BRJS, 17_ZBDW, 18_XMMC, 18_LHPYGJ, 18_KYYSMC, 18_YJFX, 18_ZYCG, 20_LWMC, 20_QKMC, 20_FQ, 20_HYMC, 21_CGMC, 21_CGCXD, 21_CGCNYYZHQK, 21_QTCGXS, 22_ZLMC, 22_ZLJJ, 22_ZLZHQK, 24_ZZMC, 24_CBSMC, 24_BRSZGZ, 25_HYMC, 25_HYZT, 26_JWGX/KYY/ZZMC, 26_XMMC, 26_YJFX, 27_HDMC, 28_JNMC, 30_BDMC, 30_SJZY, 31_XMMC, 31_XMLY, 31_ZZWCDW, 34_XSGZYJZGW_XSGBJL",79,0.706,0.706
5,31_ZZWCDW,"DEPARTMENT, MAJOR, ZYFX, XBMC, ZXWYYZMC, XLMC, XXXSMC, JTDZ, GZZWLBMC, 6_LWMC, 6_FBKW, 10_PIM, 10_QKMC, 10_JSLB, 10_JCRFQ, 10_PM, 11_PIM, 11_HYMC, 11_HYLB, 11_PM, 12_ZZMC, 12_CBS, 12_PM, 13_ZLTM, 13_SQLX, 13_ZLWXZL, 13_PM, 14_KYXMMC, 14_JXMC, 14_FJJG, 14_JXJB, 14_PM, 15_HDMC, 15_HDFS, 15_ZZDW, 15_BRJS, 15_HDQDCG, 16_JXMC, 16_CGLB, 16_CGMC, 16_JXJB, 16_JXDJ, 16_SJDW, 17_HYMC, 17_HYZT, 17_BRJS, 17_ZBDW, 18_XMMC, 18_LHPYGJ, 18_KYYSMC, 18_YJFX, 18_ZYCG, 20_LWMC, 20_QKMC, 20_FQ, 20_HYMC, 21_CGMC, 21_CGCXD, 21_CGCNYYZHQK, 21_QTCGXS, 22_ZLMC, 22_ZLJJ, 22_ZLZHQK, 24_ZZMC, 24_CBSMC, 24_BRSZGZ, 25_HYMC, 25_HYZT, 26_JWGX/KYY/ZZMC, 26_XMMC, 26_YJFX, 27_HDMC, 28_JNMC, 30_BDMC, 30_SJZY, 31_XMMC, 31_XMLY, 31_ZZWCDW, 34_XSGZYJZGW_XSGBJL",79,0.701,0.706
6,31_XMLY,"DEPARTMENT, MAJOR, ZYFX, XBMC, ZXWYYZMC, XLMC, XXXSMC, JTDZ, GZZWLBMC, 6_LWMC, 6_FBKW, 10_PIM, 10_QKMC, 10_JSLB, 10_JCRFQ, 10_PM, 11_PIM, 11_HYMC, 11_HYLB, 11_PM, 12_ZZMC, 12_CBS, 12_PM, 13_ZLTM, 13_SQLX, 13_ZLWXZL, 13_PM, 14_KYXMMC, 14_JXMC, 14_FJJG, 14_JXJB, 14_PM, 15_HDMC, 15_HDFS, 15_ZZDW, 15_BRJS, 15_HDQDCG, 16_JXMC, 16_CGLB, 16_CGMC, 16_JXJB, 16_JXDJ, 16_SJDW, 17_HYMC, 17_HYZT, 17_BRJS, 17_ZBDW, 18_XMMC, 18_LHPYGJ, 18_KYYSMC, 18_YJFX, 18_ZYCG, 20_LWMC, 20_QKMC, 20_FQ, 20_HYMC, 21_CGMC, 21_CGCXD, 21_CGCNYYZHQK, 21_QTCGXS, 22_ZLMC, 22_ZLJJ, 22_ZLZHQK, 24_ZZMC, 24_CBSMC, 24_BRSZGZ, 25_HYMC, 25_HYZT, 26_JWGX/KYY/ZZMC, 26_XMMC, 26_YJFX, 27_HDMC, 28_JNMC, 30_BDMC, 30_SJZY, 31_XMMC, 31_XMLY, 31_ZZWCDW, 34_XSGZYJZGW_XSGBJL",79,0.701,0.706
7,31_XMMC,"DEPARTMENT, MAJOR, ZYFX, XBMC, ZXWYYZMC, XLMC, XXXSMC, JTDZ, GZZWLBMC, 6_LWMC, 6_FBKW, 10_PIM, 10_QKMC, 10_JSLB, 10_JCRFQ, 10_PM, 11_PIM, 11_HYMC, 11_HYLB, 11_PM, 12_ZZMC, 12_CBS, 12_PM, 13_ZLTM, 13_SQLX, 13_ZLWXZL, 13_PM, 14_KYXMMC, 14_JXMC, 14_FJJG, 14_JXJB, 14_PM, 15_HDMC, 15_HDFS, 15_ZZDW, 15_BRJS, 15_HDQDCG, 16_JXMC, 16_CGLB, 16_CGMC, 16_JXJB, 16_JXDJ, 16_SJDW, 17_HYMC, 17_HYZT, 17_BRJS, 17_ZBDW, 18_XMMC, 18_LHPYGJ, 18_KYYSMC, 18_YJFX, 18_ZYCG, 20_LWMC, 20_QKMC, 20_FQ, 20_HYMC, 21_CGMC, 21_CGCXD, 21_CGCNYYZHQK, 21_QTCGXS, 22_ZLMC, 22_ZLJJ, 22_ZLZHQK, 24_ZZMC, 24_CBSMC, 24_BRSZGZ, 25_HYMC, 25_HYZT, 26_JWGX/KYY/ZZMC, 26_XMMC, 26_YJFX, 27_HDMC, 28_JNMC, 30_BDMC, 30_SJZY, 31_XMMC, 31_XMLY, 31_ZZWCDW, 34_XSGZYJZGW_XSGBJL",79,0.704,0.706
8,30_SJZY,"DEPARTMENT, MAJOR, ZYFX, XBMC, ZXWYYZMC, XLMC, XXXSMC, JTDZ, GZZWLBMC, 6_LWMC, 6_FBKW, 10_PIM, 10_QKMC, 10_JSLB, 10_JCRFQ, 10_PM, 11_PIM, 11_HYMC, 11_HYLB, 11_PM, 12_ZZMC, 12_CBS, 12_PM, 13_ZLTM, 13_SQLX, 13_ZLWXZL, 13_PM, 14_KYXMMC, 14_JXMC, 14_FJJG, 14_JXJB, 14_PM, 15_HDMC, 15_HDFS, 15_ZZDW, 15_BRJS, 15_HDQDCG, 16_JXMC, 16_CGLB, 16_CGMC, 16_JXJB, 16_JXDJ, 16_SJDW, 17_HYMC, 17_HYZT, 17_BRJS, 17_ZBDW, 18_XMMC, 18_LHPYGJ, 18_KYYSMC, 18_YJFX, 18_ZYCG, 20_LWMC, 20_QKMC, 20_FQ, 20_HYMC, 21_CGMC, 21_CGCXD, 21_CGCNYYZHQK, 21_QTCGXS, 22_ZLMC, 22_ZLJJ, 22_ZLZHQK, 24_ZZMC, 24_CBSMC, 24_BRSZGZ, 25_HYMC, 25_HYZT, 26_JWGX/KYY/ZZMC, 26_XMMC, 26_YJFX, 27_HDMC, 28_JNMC, 30_BDMC, 31_XMMC, 31_XMLY, 31_ZZWCDW, 34_XSGZYJZGW_XSGBJL",78,0.706,0.706
9,30_BDMC,"DEPARTMENT, MAJOR, ZYFX, XBMC, ZXWYYZMC, XLMC, XXXSMC, JTDZ, GZZWLBMC, 6_LWMC, 6_FBKW, 10_PIM, 10_QKMC, 10_JSLB, 10_JCRFQ, 10_PM, 11_PIM, 11_HYMC, 11_HYLB, 11_PM, 12_ZZMC, 12_CBS, 12_PM, 13_ZLTM, 13_SQLX, 13_ZLWXZL, 13_PM, 14_KYXMMC, 14_JXMC, 14_FJJG, 14_JXJB, 14_PM, 15_HDMC, 15_HDFS, 15_ZZDW, 15_BRJS, 15_HDQDCG, 16_JXMC, 16_CGLB, 16_CGMC, 16_JXJB, 16_JXDJ, 16_SJDW, 17_HYMC, 17_HYZT, 17_BRJS, 17_ZBDW, 18_XMMC, 18_LHPYGJ, 18_KYYSMC, 18_YJFX, 18_ZYCG, 20_LWMC, 20_QKMC, 20_FQ, 20_HYMC, 21_CGMC, 21_CGCXD, 21_CGCNYYZHQK, 21_QTCGXS, 22_ZLMC, 22_ZLJJ, 22_ZLZHQK, 24_ZZMC, 24_CBSMC, 24_BRSZGZ, 25_HYMC, 25_HYZT, 26_JWGX/KYY/ZZMC, 26_XMMC, 26_YJFX, 27_HDMC, 28_JNMC, 30_BDMC, 31_XMMC, 31_XMLY, 31_ZZWCDW, 34_XSGZYJZGW_XSGBJL",78,0.705,0.706
6,28_JNMC,"DEPARTMENT, MAJOR, ZYFX, XBMC, ZXWYYZMC, XLMC, XXXSMC, JTDZ, GZZWLBMC, 6_LWMC, 6_FBKW, 10_PIM, 10_QKMC, 10_JSLB, 10_JCRFQ, 10_PM, 11_PIM, 11_HYMC, 11_HYLB, 11_PM, 12_ZZMC, 12_CBS, 12_PM, 13_ZLTM, 13_SQLX, 13_ZLWXZL, 13_PM, 14_KYXMMC, 14_JXMC, 14_FJJG, 14_JXJB, 14_PM, 15_HDMC, 15_HDFS, 15_ZZDW, 15_BRJS, 15_HDQDCG, 16_JXMC, 16_CGLB, 16_CGMC, 16_JXJB, 16_JXDJ, 16_SJDW, 17_HYMC, 17_HYZT, 17_BRJS, 17_ZBDW, 18_XMMC, 18_LHPYGJ, 18_KYYSMC, 18_YJFX, 18_ZYCG, 20_LWMC, 20_QKMC, 20_FQ, 20_HYMC, 21_CGMC, 21_CGCXD, 21_CGCNYYZHQK, 21_QTCGXS, 22_ZLMC, 22_ZLJJ, 22_ZLZHQK, 24_ZZMC, 24_CBSMC, 24_BRSZGZ, 25_HYMC, 25_HYZT, 26_JWGX/KYY/ZZMC, 26_XMMC, 26_YJFX, 27_HDMC, 30_BDMC, 31_XMMC, 31_XMLY, 31_ZZWCDW, 34_XSGZYJZGW_XSGBJL",77,0.706,0.706
6,27_HDMC,"DEPARTMENT, MAJOR, ZYFX, XBMC, ZXWYYZMC, XLMC, XXXSMC, JTDZ, GZZWLBMC, 6_LWMC, 6_FBKW, 10_PIM, 10_QKMC, 10_JSLB, 10_JCRFQ, 10_PM, 11_PIM, 11_HYMC, 11_HYLB, 11_PM, 12_ZZMC, 12_CBS, 12_PM, 13_ZLTM, 13_SQLX, 13_ZLWXZL, 13_PM, 14_KYXMMC, 14_JXMC, 14_FJJG, 14_JXJB, 14_PM, 15_HDMC, 15_HDFS, 15_ZZDW, 15_BRJS, 15_HDQDCG, 16_JXMC, 16_CGLB, 16_CGMC, 16_JXJB, 16_JXDJ, 16_SJDW, 17_HYMC, 17_HYZT, 17_BRJS, 17_ZBDW, 18_XMMC, 18_LHPYGJ, 18_KYYSMC, 18_YJFX, 18_ZYCG, 20_LWMC, 20_QKMC, 20_FQ, 20_HYMC, 21_CGMC, 21_CGCXD, 21_CGCNYYZHQK, 21_QTCGXS, 22_ZLMC, 22_ZLJJ, 22_ZLZHQK, 24_ZZMC, 24_CBSMC, 24_BRSZGZ, 25_HYMC, 25_HYZT, 26_JWGX/KYY/ZZMC, 26_XMMC, 26_YJFX, 27_HDMC, 30_BDMC, 31_XMMC, 31_XMLY, 31_ZZWCDW, 34_XSGZYJZGW_XSGBJL",77,0.698,0.706
7,26_YJFX,"DEPARTMENT, MAJOR, ZYFX, XBMC, ZXWYYZMC, XLMC, XXXSMC, JTDZ, GZZWLBMC, 6_LWMC, 6_FBKW, 10_PIM, 10_QKMC, 10_JSLB, 10_JCRFQ, 10_PM, 11_PIM, 11_HYMC, 11_HYLB, 11_PM, 12_ZZMC, 12_CBS, 12_PM, 13_ZLTM, 13_SQLX, 13_ZLWXZL, 13_PM, 14_KYXMMC, 14_JXMC, 14_FJJG, 14_JXJB, 14_PM, 15_HDMC, 15_HDFS, 15_ZZDW, 15_BRJS, 15_HDQDCG, 16_JXMC, 16_CGLB, 16_CGMC, 16_JXJB, 16_JXDJ, 16_SJDW, 17_HYMC, 17_HYZT, 17_BRJS, 17_ZBDW, 18_XMMC, 18_LHPYGJ, 18_KYYSMC, 18_YJFX, 18_ZYCG, 20_LWMC, 20_QKMC, 20_FQ, 20_HYMC, 21_CGMC, 21_CGCXD, 21_CGCNYYZHQK, 21_QTCGXS, 22_ZLMC, 22_ZLJJ, 22_ZLZHQK, 24_ZZMC, 24_CBSMC, 24_BRSZGZ, 25_HYMC, 25_HYZT, 26_JWGX/KYY/ZZMC, 26_XMMC, 26_YJFX, 27_HDMC, 30_BDMC, 31_XMMC, 31_XMLY, 31_ZZWCDW, 34_XSGZYJZGW_XSGBJL",77,0.705,0.706
8,26_XMMC,"DEPARTMENT, MAJOR, ZYFX, XBMC, ZXWYYZMC, XLMC, XXXSMC, JTDZ, GZZWLBMC, 6_LWMC, 6_FBKW, 10_PIM, 10_QKMC, 10_JSLB, 10_JCRFQ, 10_PM, 11_PIM, 11_HYMC, 11_HYLB, 11_PM, 12_ZZMC, 12_CBS, 12_PM, 13_ZLTM, 13_SQLX, 13_ZLWXZL, 13_PM, 14_KYXMMC, 14_JXMC, 14_FJJG, 14_JXJB, 14_PM, 15_HDMC, 15_HDFS, 15_ZZDW, 15_BRJS, 15_HDQDCG, 16_JXMC, 16_CGLB, 16_CGMC, 16_JXJB, 16_JXDJ, 16_SJDW, 17_HYMC, 17_HYZT, 17_BRJS, 17_ZBDW, 18_XMMC, 18_LHPYGJ, 18_KYYSMC, 18_YJFX, 18_ZYCG, 20_LWMC, 20_QKMC, 20_FQ, 20_HYMC, 21_CGMC, 21_CGCXD, 21_CGCNYYZHQK, 21_QTCGXS, 22_ZLMC, 22_ZLJJ, 22_ZLZHQK, 24_ZZMC, 24_CBSMC, 24_BRSZGZ, 25_HYMC, 25_HYZT, 26_JWGX/KYY/ZZMC, 26_XMMC, 26_YJFX, 27_HDMC, 30_BDMC, 31_XMMC, 31_XMLY, 31_ZZWCDW, 34_XSGZYJZGW_XSGBJL",77,0.705,0.706
8,26_JWGX/KYY/ZZMC,"DEPARTMENT, MAJOR, ZYFX, XBMC, ZXWYYZMC, XLMC, XXXSMC, JTDZ, GZZWLBMC, 6_LWMC, 6_FBKW, 10_PIM, 10_QKMC, 10_JSLB, 10_JCRFQ, 10_PM, 11_PIM, 11_HYMC, 11_HYLB, 11_PM, 12_ZZMC, 12_CBS, 12_PM, 13_ZLTM, 13_SQLX, 13_ZLWXZL, 13_PM, 14_KYXMMC, 14_JXMC, 14_FJJG, 14_JXJB, 14_PM, 15_HDMC, 15_HDFS, 15_ZZDW, 15_BRJS, 15_HDQDCG, 16_JXMC, 16_CGLB, 16_CGMC, 16_JXJB, 16_JXDJ, 16_SJDW, 17_HYMC, 17_HYZT, 17_BRJS, 17_ZBDW, 18_XMMC, 18_LHPYGJ, 18_KYYSMC, 18_YJFX, 18_ZYCG, 20_LWMC, 20_QKMC, 20_FQ, 20_HYMC, 21_CGMC, 21_CGCXD, 21_CGCNYYZHQK, 21_QTCGXS, 22_ZLMC, 22_ZLJJ, 22_ZLZHQK, 24_ZZMC, 24_CBSMC, 24_BRSZGZ, 25_HYMC, 25_HYZT, 26_XMMC, 26_YJFX, 27_HDMC, 30_BDMC, 31_XMMC, 31_XMLY, 31_ZZWCDW, 34_XSGZYJZGW_XSGBJL",76,0.706,0.706
9,25_HYZT,"DEPARTMENT, MAJOR, ZYFX, XBMC, ZXWYYZMC, XLMC, XXXSMC, JTDZ, GZZWLBMC, 6_LWMC, 6_FBKW, 10_PIM, 10_QKMC, 10_JSLB, 10_JCRFQ, 10_PM, 11_PIM, 11_HYMC, 11_HYLB, 11_PM, 12_ZZMC, 12_CBS, 12_PM, 13_ZLTM, 13_SQLX, 13_ZLWXZL, 13_PM, 14_KYXMMC, 14_JXMC, 14_FJJG, 14_JXJB, 14_PM, 15_HDMC, 15_HDFS, 15_ZZDW, 15_BRJS, 15_HDQDCG, 16_JXMC, 16_CGLB, 16_CGMC, 16_JXJB, 16_JXDJ, 16_SJDW, 17_HYMC, 17_HYZT, 17_BRJS, 17_ZBDW, 18_XMMC, 18_LHPYGJ, 18_KYYSMC, 18_YJFX, 18_ZYCG, 20_LWMC, 20_QKMC, 20_FQ, 20_HYMC, 21_CGMC, 21_CGCXD, 21_CGCNYYZHQK, 21_QTCGXS, 22_ZLMC, 22_ZLJJ, 22_ZLZHQK, 24_ZZMC, 24_CBSMC, 24_BRSZGZ, 25_HYMC, 25_HYZT, 26_XMMC, 26_YJFX, 27_HDMC, 30_BDMC, 31_XMMC, 31_XMLY, 31_ZZWCDW, 34_XSGZYJZGW_XSGBJL",76,0.697,0.706
10,25_HYMC,"DEPARTMENT, MAJOR, ZYFX, XBMC, ZXWYYZMC, XLMC, XXXSMC, JTDZ, GZZWLBMC, 6_LWMC, 6_FBKW, 10_PIM, 10_QKMC, 10_JSLB, 10_JCRFQ, 10_PM, 11_PIM, 11_HYMC, 11_HYLB, 11_PM, 12_ZZMC, 12_CBS, 12_PM, 13_ZLTM, 13_SQLX, 13_ZLWXZL, 13_PM, 14_KYXMMC, 14_JXMC, 14_FJJG, 14_JXJB, 14_PM, 15_HDMC, 15_HDFS, 15_ZZDW, 15_BRJS, 15_HDQDCG, 16_JXMC, 16_CGLB, 16_CGMC, 16_JXJB, 16_JXDJ, 16_SJDW, 17_HYMC, 17_HYZT, 17_BRJS, 17_ZBDW, 18_XMMC, 18_LHPYGJ, 18_KYYSMC, 18_YJFX, 18_ZYCG, 20_LWMC, 20_QKMC, 20_FQ, 20_HYMC, 21_CGMC, 21_CGCXD, 21_CGCNYYZHQK, 21_QTCGXS, 22_ZLMC, 22_ZLJJ, 22_ZLZHQK, 24_ZZMC, 24_CBSMC, 24_BRSZGZ, 25_HYMC, 25_HYZT, 26_XMMC, 26_YJFX, 27_HDMC, 30_BDMC, 31_XMMC, 31_XMLY, 31_ZZWCDW, 34_XSGZYJZGW_XSGBJL",76,0.705,0.706
11,24_BRSZGZ,"DEPARTMENT, MAJOR, ZYFX, XBMC, ZXWYYZMC, XLMC, XXXSMC, JTDZ, GZZWLBMC, 6_LWMC, 6_FBKW, 10_PIM, 10_QKMC, 10_JSLB, 10_JCRFQ, 10_PM, 11_PIM, 11_HYMC, 11_HYLB, 11_PM, 12_ZZMC, 12_CBS, 12_PM, 13_ZLTM, 13_SQLX, 13_ZLWXZL, 13_PM, 14_KYXMMC, 14_JXMC, 14_FJJG, 14_JXJB, 14_PM, 15_HDMC, 15_HDFS, 15_ZZDW, 15_BRJS, 15_HDQDCG, 16_JXMC, 16_CGLB, 16_CGMC, 16_JXJB, 16_JXDJ, 16_SJDW, 17_HYMC, 17_HYZT, 17_BRJS, 17_ZBDW, 18_XMMC, 18_LHPYGJ, 18_KYYSMC, 18_YJFX, 18_ZYCG, 20_LWMC, 20_QKMC, 20_FQ, 20_HYMC, 21_CGMC, 21_CGCXD, 21_CGCNYYZHQK, 21_QTCGXS, 22_ZLMC, 22_ZLJJ, 22_ZLZHQK, 24_ZZMC, 24_CBSMC, 24_BRSZGZ, 25_HYMC, 25_HYZT, 26_XMMC, 26_YJFX, 27_HDMC, 30_BDMC, 31_XMMC, 31_XMLY, 31_ZZWCDW, 34_XSGZYJZGW_XSGBJL",76,0.705,0.706
11,24_CBSMC,"DEPARTMENT, MAJOR, ZYFX, XBMC, ZXWYYZMC, XLMC, XXXSMC, JTDZ, GZZWLBMC, 6_LWMC, 6_FBKW, 10_PIM, 10_QKMC, 10_JSLB, 10_JCRFQ, 10_PM, 11_PIM, 11_HYMC, 11_HYLB, 11_PM, 12_ZZMC, 12_CBS, 12_PM, 13_ZLTM, 13_SQLX, 13_ZLWXZL, 13_PM, 14_KYXMMC, 14_JXMC, 14_FJJG, 14_JXJB, 14_PM, 15_HDMC, 15_HDFS, 15_ZZDW, 15_BRJS, 15_HDQDCG, 16_JXMC, 16_CGLB, 16_CGMC, 16_JXJB, 16_JXDJ, 16_SJDW, 17_HYMC, 17_HYZT, 17_BRJS, 17_ZBDW, 18_XMMC, 18_LHPYGJ, 18_KYYSMC, 18_YJFX, 18_ZYCG, 20_LWMC, 20_QKMC, 20_FQ, 20_HYMC, 21_CGMC, 21_CGCXD, 21_CGCNYYZHQK, 21_QTCGXS, 22_ZLMC, 22_ZLJJ, 22_ZLZHQK, 24_ZZMC, 24_BRSZGZ, 25_HYMC, 25_HYZT, 26_XMMC, 26_YJFX, 27_HDMC, 30_BDMC, 31_XMMC, 31_XMLY, 31_ZZWCDW, 34_XSGZYJZGW_XSGBJL",75,0.706,0.706
11,24_ZZMC,"DEPARTMENT, MAJOR, ZYFX, XBMC, ZXWYYZMC, XLMC, XXXSMC, JTDZ, GZZWLBMC, 6_LWMC, 6_FBKW, 10_PIM, 10_QKMC, 10_JSLB, 10_JCRFQ, 10_PM, 11_PIM, 11_HYMC, 11_HYLB, 11_PM, 12_ZZMC, 12_CBS, 12_PM, 13_ZLTM, 13_SQLX, 13_ZLWXZL, 13_PM, 14_KYXMMC, 14_JXMC, 14_FJJG, 14_JXJB, 14_PM, 15_HDMC, 15_HDFS, 15_ZZDW, 15_BRJS, 15_HDQDCG, 16_JXMC, 16_CGLB, 16_CGMC, 16_JXJB, 16_JXDJ, 16_SJDW, 17_HYMC, 17_HYZT, 17_BRJS, 17_ZBDW, 18_XMMC, 18_LHPYGJ, 18_KYYSMC, 18_YJFX, 18_ZYCG, 20_LWMC, 20_QKMC, 20_FQ, 20_HYMC, 21_CGMC, 21_CGCXD, 21_CGCNYYZHQK, 21_QTCGXS, 22_ZLMC, 22_ZLJJ, 22_ZLZHQK, 24_BRSZGZ, 25_HYMC, 25_HYZT, 26_XMMC, 26_YJFX, 27_HDMC, 30_BDMC, 31_XMMC, 31_XMLY, 31_ZZWCDW, 34_XSGZYJZGW_XSGBJL",74,0.706,0.706
12,22_ZLZHQK,"DEPARTMENT, MAJOR, ZYFX, XBMC, ZXWYYZMC, XLMC, XXXSMC, JTDZ, GZZWLBMC, 6_LWMC, 6_FBKW, 10_PIM, 10_QKMC, 10_JSLB, 10_JCRFQ, 10_PM, 11_PIM, 11_HYMC, 11_HYLB, 11_PM, 12_ZZMC, 12_CBS, 12_PM, 13_ZLTM, 13_SQLX, 13_ZLWXZL, 13_PM, 14_KYXMMC, 14_JXMC, 14_FJJG, 14_JXJB, 14_PM, 15_HDMC, 15_HDFS, 15_ZZDW, 15_BRJS, 15_HDQDCG, 16_JXMC, 16_CGLB, 16_CGMC, 16_JXJB, 16_JXDJ, 16_SJDW, 17_HYMC, 17_HYZT, 17_BRJS, 17_ZBDW, 18_XMMC, 18_LHPYGJ, 18_KYYSMC, 18_YJFX, 18_ZYCG, 20_LWMC, 20_QKMC, 20_FQ, 20_HYMC, 21_CGMC, 21_CGCXD, 21_CGCNYYZHQK, 21_QTCGXS, 22_ZLMC, 22_ZLJJ, 22_ZLZHQK, 24_BRSZGZ, 25_HYMC, 25_HYZT, 26_XMMC, 26_YJFX, 27_HDMC, 30_BDMC, 31_XMMC, 31_XMLY, 31_ZZWCDW, 34_XSGZYJZGW_XSGBJL",74,0.704,0.706
13,22_ZLJJ,"DEPARTMENT, MAJOR, ZYFX, XBMC, ZXWYYZMC, XLMC, XXXSMC, JTDZ, GZZWLBMC, 6_LWMC, 6_FBKW, 10_PIM, 10_QKMC, 10_JSLB, 10_JCRFQ, 10_PM, 11_PIM, 11_HYMC, 11_HYLB, 11_PM, 12_ZZMC, 12_CBS, 12_PM, 13_ZLTM, 13_SQLX, 13_ZLWXZL, 13_PM, 14_KYXMMC, 14_JXMC, 14_FJJG, 14_JXJB, 14_PM, 15_HDMC, 15_HDFS, 15_ZZDW, 15_BRJS, 15_HDQDCG, 16_JXMC, 16_CGLB, 16_CGMC, 16_JXJB, 16_JXDJ, 16_SJDW, 17_HYMC, 17_HYZT, 17_BRJS, 17_ZBDW, 18_XMMC, 18_LHPYGJ, 18_KYYSMC, 18_YJFX, 18_ZYCG, 20_LWMC, 20_QKMC, 20_FQ, 20_HYMC, 21_CGMC, 21_CGCXD, 21_CGCNYYZHQK, 21_QTCGXS, 22_ZLMC, 22_ZLJJ, 22_ZLZHQK, 24_BRSZGZ, 25_HYMC, 25_HYZT, 26_XMMC, 26_YJFX, 27_HDMC, 30_BDMC, 31_XMMC, 31_XMLY, 31_ZZWCDW, 34_XSGZYJZGW_XSGBJL",74,0.69,0.706
14,22_ZLMC,"DEPARTMENT, MAJOR, ZYFX, XBMC, ZXWYYZMC, XLMC, XXXSMC, JTDZ, GZZWLBMC, 6_LWMC, 6_FBKW, 10_PIM, 10_QKMC, 10_JSLB, 10_JCRFQ, 10_PM, 11_PIM, 11_HYMC, 11_HYLB, 11_PM, 12_ZZMC, 12_CBS, 12_PM, 13_ZLTM, 13_SQLX, 13_ZLWXZL, 13_PM, 14_KYXMMC, 14_JXMC, 14_FJJG, 14_JXJB, 14_PM, 15_HDMC, 15_HDFS, 15_ZZDW, 15_BRJS, 15_HDQDCG, 16_JXMC, 16_CGLB, 16_CGMC, 16_JXJB, 16_JXDJ, 16_SJDW, 17_HYMC, 17_HYZT, 17_BRJS, 17_ZBDW, 18_XMMC, 18_LHPYGJ, 18_KYYSMC, 18_YJFX, 18_ZYCG, 20_LWMC, 20_QKMC, 20_FQ, 20_HYMC, 21_CGMC, 21_CGCXD, 21_CGCNYYZHQK, 21_QTCGXS, 22_ZLMC, 22_ZLJJ, 22_ZLZHQK, 24_BRSZGZ, 25_HYMC, 25_HYZT, 26_XMMC, 26_YJFX, 27_HDMC, 30_BDMC, 31_XMMC, 31_XMLY, 31_ZZWCDW, 34_XSGZYJZGW_XSGBJL",74,0.695,0.706
14,21_QTCGXS,"DEPARTMENT, MAJOR, ZYFX, XBMC, ZXWYYZMC, XLMC, XXXSMC, JTDZ, GZZWLBMC, 6_LWMC, 6_FBKW, 10_PIM, 10_QKMC, 10_JSLB, 10_JCRFQ, 10_PM, 11_PIM, 11_HYMC, 11_HYLB, 11_PM, 12_ZZMC, 12_CBS, 12_PM, 13_ZLTM, 13_SQLX, 13_ZLWXZL, 13_PM, 14_KYXMMC, 14_JXMC, 14_FJJG, 14_JXJB, 14_PM, 15_HDMC, 15_HDFS, 15_ZZDW, 15_BRJS, 15_HDQDCG, 16_JXMC, 16_CGLB, 16_CGMC, 16_JXJB, 16_JXDJ, 16_SJDW, 17_HYMC, 17_HYZT, 17_BRJS, 17_ZBDW, 18_XMMC, 18_LHPYGJ, 18_KYYSMC, 18_YJFX, 18_ZYCG, 20_LWMC, 20_QKMC, 20_FQ, 20_HYMC, 21_CGMC, 21_CGCXD, 21_CGCNYYZHQK, 22_ZLMC, 22_ZLJJ, 22_ZLZHQK, 24_BRSZGZ, 25_HYMC, 25_HYZT, 26_XMMC, 26_YJFX, 27_HDMC, 30_BDMC, 31_XMMC, 31_XMLY, 31_ZZWCDW, 34_XSGZYJZGW_XSGBJL",73,0.706,0.706
15,21_CGCNYYZHQK,"DEPARTMENT, MAJOR, ZYFX, XBMC, ZXWYYZMC, XLMC, XXXSMC, JTDZ, GZZWLBMC, 6_LWMC, 6_FBKW, 10_PIM, 10_QKMC, 10_JSLB, 10_JCRFQ, 10_PM, 11_PIM, 11_HYMC, 11_HYLB, 11_PM, 12_ZZMC, 12_CBS, 12_PM, 13_ZLTM, 13_SQLX, 13_ZLWXZL, 13_PM, 14_KYXMMC, 14_JXMC, 14_FJJG, 14_JXJB, 14_PM, 15_HDMC, 15_HDFS, 15_ZZDW, 15_BRJS, 15_HDQDCG, 16_JXMC, 16_CGLB, 16_CGMC, 16_JXJB, 16_JXDJ, 16_SJDW, 17_HYMC, 17_HYZT, 17_BRJS, 17_ZBDW, 18_XMMC, 18_LHPYGJ, 18_KYYSMC, 18_YJFX, 18_ZYCG, 20_LWMC, 20_QKMC, 20_FQ, 20_HYMC, 21_CGMC, 21_CGCXD, 21_CGCNYYZHQK, 22_ZLMC, 22_ZLJJ, 22_ZLZHQK, 24_BRSZGZ, 25_HYMC, 25_HYZT, 26_XMMC, 26_YJFX, 27_HDMC, 30_BDMC, 31_XMMC, 31_XMLY, 31_ZZWCDW, 34_XSGZYJZGW_XSGBJL",73,0.704,0.706
16,21_CGCXD,"DEPARTMENT, MAJOR, ZYFX, XBMC, ZXWYYZMC, XLMC, XXXSMC, JTDZ, GZZWLBMC, 6_LWMC, 6_FBKW, 10_PIM, 10_QKMC, 10_JSLB, 10_JCRFQ, 10_PM, 11_PIM, 11_HYMC, 11_HYLB, 11_PM, 12_ZZMC, 12_CBS, 12_PM, 13_ZLTM, 13_SQLX, 13_ZLWXZL, 13_PM, 14_KYXMMC, 14_JXMC, 14_FJJG, 14_JXJB, 14_PM, 15_HDMC, 15_HDFS, 15_ZZDW, 15_BRJS, 15_HDQDCG, 16_JXMC, 16_CGLB, 16_CGMC, 16_JXJB, 16_JXDJ, 16_SJDW, 17_HYMC, 17_HYZT, 17_BRJS, 17_ZBDW, 18_XMMC, 18_LHPYGJ, 18_KYYSMC, 18_YJFX, 18_ZYCG, 20_LWMC, 20_QKMC, 20_FQ, 20_HYMC, 21_CGMC, 21_CGCXD, 21_CGCNYYZHQK, 22_ZLMC, 22_ZLJJ, 22_ZLZHQK, 24_BRSZGZ, 25_HYMC, 25_HYZT, 26_XMMC, 26_YJFX, 27_HDMC, 30_BDMC, 31_XMMC, 31_XMLY, 31_ZZWCDW, 34_XSGZYJZGW_XSGBJL",73,0.702,0.706
17,21_CGMC,"DEPARTMENT, MAJOR, ZYFX, XBMC, ZXWYYZMC, XLMC, XXXSMC, JTDZ, GZZWLBMC, 6_LWMC, 6_FBKW, 10_PIM, 10_QKMC, 10_JSLB, 10_JCRFQ, 10_PM, 11_PIM, 11_HYMC, 11_HYLB, 11_PM, 12_ZZMC, 12_CBS, 12_PM, 13_ZLTM, 13_SQLX, 13_ZLWXZL, 13_PM, 14_KYXMMC, 14_JXMC, 14_FJJG, 14_JXJB, 14_PM, 15_HDMC, 15_HDFS, 15_ZZDW, 15_BRJS, 15_HDQDCG, 16_JXMC, 16_CGLB, 16_CGMC, 16_JXJB, 16_JXDJ, 16_SJDW, 17_HYMC, 17_HYZT, 17_BRJS, 17_ZBDW, 18_XMMC, 18_LHPYGJ, 18_KYYSMC, 18_YJFX, 18_ZYCG, 20_LWMC, 20_QKMC, 20_FQ, 20_HYMC, 21_CGMC, 21_CGCXD, 21_CGCNYYZHQK, 22_ZLMC, 22_ZLJJ, 22_ZLZHQK, 24_BRSZGZ, 25_HYMC, 25_HYZT, 26_XMMC, 26_YJFX, 27_HDMC, 30_BDMC, 31_XMMC, 31_XMLY, 31_ZZWCDW, 34_XSGZYJZGW_XSGBJL",73,0.705,0.706
18,20_HYMC,"DEPARTMENT, MAJOR, ZYFX, XBMC, ZXWYYZMC, XLMC, XXXSMC, JTDZ, GZZWLBMC, 6_LWMC, 6_FBKW, 10_PIM, 10_QKMC, 10_JSLB, 10_JCRFQ, 10_PM, 11_PIM, 11_HYMC, 11_HYLB, 11_PM, 12_ZZMC, 12_CBS, 12_PM, 13_ZLTM, 13_SQLX, 13_ZLWXZL, 13_PM, 14_KYXMMC, 14_JXMC, 14_FJJG, 14_JXJB, 14_PM, 15_HDMC, 15_HDFS, 15_ZZDW, 15_BRJS, 15_HDQDCG, 16_JXMC, 16_CGLB, 16_CGMC, 16_JXJB, 16_JXDJ, 16_SJDW, 17_HYMC, 17_HYZT, 17_BRJS, 17_ZBDW, 18_XMMC, 18_LHPYGJ, 18_KYYSMC, 18_YJFX, 18_ZYCG, 20_LWMC, 20_QKMC, 20_FQ, 20_HYMC, 21_CGMC, 21_CGCXD, 21_CGCNYYZHQK, 22_ZLMC, 22_ZLJJ, 22_ZLZHQK, 24_BRSZGZ, 25_HYMC, 25_HYZT, 26_XMMC, 26_YJFX, 27_HDMC, 30_BDMC, 31_XMMC, 31_XMLY, 31_ZZWCDW, 34_XSGZYJZGW_XSGBJL",73,0.7,0.706
19,20_FQ,"DEPARTMENT, MAJOR, ZYFX, XBMC, ZXWYYZMC, XLMC, XXXSMC, JTDZ, GZZWLBMC, 6_LWMC, 6_FBKW, 10_PIM, 10_QKMC, 10_JSLB, 10_JCRFQ, 10_PM, 11_PIM, 11_HYMC, 11_HYLB, 11_PM, 12_ZZMC, 12_CBS, 12_PM, 13_ZLTM, 13_SQLX, 13_ZLWXZL, 13_PM, 14_KYXMMC, 14_JXMC, 14_FJJG, 14_JXJB, 14_PM, 15_HDMC, 15_HDFS, 15_ZZDW, 15_BRJS, 15_HDQDCG, 16_JXMC, 16_CGLB, 16_CGMC, 16_JXJB, 16_JXDJ, 16_SJDW, 17_HYMC, 17_HYZT, 17_BRJS, 17_ZBDW, 18_XMMC, 18_LHPYGJ, 18_KYYSMC, 18_YJFX, 18_ZYCG, 20_LWMC, 20_QKMC, 20_FQ, 20_HYMC, 21_CGMC, 21_CGCXD, 21_CGCNYYZHQK, 22_ZLMC, 22_ZLJJ, 22_ZLZHQK, 24_BRSZGZ, 25_HYMC, 25_HYZT, 26_XMMC, 26_YJFX, 27_HDMC, 30_BDMC, 31_XMMC, 31_XMLY, 31_ZZWCDW, 34_XSGZYJZGW_XSGBJL",73,0.705,0.706
19,20_QKMC,"DEPARTMENT, MAJOR, ZYFX, XBMC, ZXWYYZMC, XLMC, XXXSMC, JTDZ, GZZWLBMC, 6_LWMC, 6_FBKW, 10_PIM, 10_QKMC, 10_JSLB, 10_JCRFQ, 10_PM, 11_PIM, 11_HYMC, 11_HYLB, 11_PM, 12_ZZMC, 12_CBS, 12_PM, 13_ZLTM, 13_SQLX, 13_ZLWXZL, 13_PM, 14_KYXMMC, 14_JXMC, 14_FJJG, 14_JXJB, 14_PM, 15_HDMC, 15_HDFS, 15_ZZDW, 15_BRJS, 15_HDQDCG, 16_JXMC, 16_CGLB, 16_CGMC, 16_JXJB, 16_JXDJ, 16_SJDW, 17_HYMC, 17_HYZT, 17_BRJS, 17_ZBDW, 18_XMMC, 18_LHPYGJ, 18_KYYSMC, 18_YJFX, 18_ZYCG, 20_LWMC, 20_FQ, 20_HYMC, 21_CGMC, 21_CGCXD, 21_CGCNYYZHQK, 22_ZLMC, 22_ZLJJ, 22_ZLZHQK, 24_BRSZGZ, 25_HYMC, 25_HYZT, 26_XMMC, 26_YJFX, 27_HDMC, 30_BDMC, 31_XMMC, 31_XMLY, 31_ZZWCDW, 34_XSGZYJZGW_XSGBJL",72,0.706,0.706
19,20_LWMC,"DEPARTMENT, MAJOR, ZYFX, XBMC, ZXWYYZMC, XLMC, XXXSMC, JTDZ, GZZWLBMC, 6_LWMC, 6_FBKW, 10_PIM, 10_QKMC, 10_JSLB, 10_JCRFQ, 10_PM, 11_PIM, 11_HYMC, 11_HYLB, 11_PM, 12_ZZMC, 12_CBS, 12_PM, 13_ZLTM, 13_SQLX, 13_ZLWXZL, 13_PM, 14_KYXMMC, 14_JXMC, 14_FJJG, 14_JXJB, 14_PM, 15_HDMC, 15_HDFS, 15_ZZDW, 15_BRJS, 15_HDQDCG, 16_JXMC, 16_CGLB, 16_CGMC, 16_JXJB, 16_JXDJ, 16_SJDW, 17_HYMC, 17_HYZT, 17_BRJS, 17_ZBDW, 18_XMMC, 18_LHPYGJ, 18_KYYSMC, 18_YJFX, 18_ZYCG, 20_FQ, 20_HYMC, 21_CGMC, 21_CGCXD, 21_CGCNYYZHQK, 22_ZLMC, 22_ZLJJ, 22_ZLZHQK, 24_BRSZGZ, 25_HYMC, 25_HYZT, 26_XMMC, 26_YJFX, 27_HDMC, 30_BDMC, 31_XMMC, 31_XMLY, 31_ZZWCDW, 34_XSGZYJZGW_XSGBJL",71,0.716,0.716
19,18_ZYCG,"DEPARTMENT, MAJOR, ZYFX, XBMC, ZXWYYZMC, XLMC, XXXSMC, JTDZ, GZZWLBMC, 6_LWMC, 6_FBKW, 10_PIM, 10_QKMC, 10_JSLB, 10_JCRFQ, 10_PM, 11_PIM, 11_HYMC, 11_HYLB, 11_PM, 12_ZZMC, 12_CBS, 12_PM, 13_ZLTM, 13_SQLX, 13_ZLWXZL, 13_PM, 14_KYXMMC, 14_JXMC, 14_FJJG, 14_JXJB, 14_PM, 15_HDMC, 15_HDFS, 15_ZZDW, 15_BRJS, 15_HDQDCG, 16_JXMC, 16_CGLB, 16_CGMC, 16_JXJB, 16_JXDJ, 16_SJDW, 17_HYMC, 17_HYZT, 17_BRJS, 17_ZBDW, 18_XMMC, 18_LHPYGJ, 18_KYYSMC, 18_YJFX, 20_FQ, 20_HYMC, 21_CGMC, 21_CGCXD, 21_CGCNYYZHQK, 22_ZLMC, 22_ZLJJ, 22_ZLZHQK, 24_BRSZGZ, 25_HYMC, 25_HYZT, 26_XMMC, 26_YJFX, 27_HDMC, 30_BDMC, 31_XMMC, 31_XMLY, 31_ZZWCDW, 34_XSGZYJZGW_XSGBJL",70,0.716,0.716
20,18_YJFX,"DEPARTMENT, MAJOR, ZYFX, XBMC, ZXWYYZMC, XLMC, XXXSMC, JTDZ, GZZWLBMC, 6_LWMC, 6_FBKW, 10_PIM, 10_QKMC, 10_JSLB, 10_JCRFQ, 10_PM, 11_PIM, 11_HYMC, 11_HYLB, 11_PM, 12_ZZMC, 12_CBS, 12_PM, 13_ZLTM, 13_SQLX, 13_ZLWXZL, 13_PM, 14_KYXMMC, 14_JXMC, 14_FJJG, 14_JXJB, 14_PM, 15_HDMC, 15_HDFS, 15_ZZDW, 15_BRJS, 15_HDQDCG, 16_JXMC, 16_CGLB, 16_CGMC, 16_JXJB, 16_JXDJ, 16_SJDW, 17_HYMC, 17_HYZT, 17_BRJS, 17_ZBDW, 18_XMMC, 18_LHPYGJ, 18_KYYSMC, 18_YJFX, 20_FQ, 20_HYMC, 21_CGMC, 21_CGCXD, 21_CGCNYYZHQK, 22_ZLMC, 22_ZLJJ, 22_ZLZHQK, 24_BRSZGZ, 25_HYMC, 25_HYZT, 26_XMMC, 26_YJFX, 27_HDMC, 30_BDMC, 31_XMMC, 31_XMLY, 31_ZZWCDW, 34_XSGZYJZGW_XSGBJL",70,0.714,0.716
20,18_KYYSMC,"DEPARTMENT, MAJOR, ZYFX, XBMC, ZXWYYZMC, XLMC, XXXSMC, JTDZ, GZZWLBMC, 6_LWMC, 6_FBKW, 10_PIM, 10_QKMC, 10_JSLB, 10_JCRFQ, 10_PM, 11_PIM, 11_HYMC, 11_HYLB, 11_PM, 12_ZZMC, 12_CBS, 12_PM, 13_ZLTM, 13_SQLX, 13_ZLWXZL, 13_PM, 14_KYXMMC, 14_JXMC, 14_FJJG, 14_JXJB, 14_PM, 15_HDMC, 15_HDFS, 15_ZZDW, 15_BRJS, 15_HDQDCG, 16_JXMC, 16_CGLB, 16_CGMC, 16_JXJB, 16_JXDJ, 16_SJDW, 17_HYMC, 17_HYZT, 17_BRJS, 17_ZBDW, 18_XMMC, 18_LHPYGJ, 18_YJFX, 20_FQ, 20_HYMC, 21_CGMC, 21_CGCXD, 21_CGCNYYZHQK, 22_ZLMC, 22_ZLJJ, 22_ZLZHQK, 24_BRSZGZ, 25_HYMC, 25_HYZT, 26_XMMC, 26_YJFX, 27_HDMC, 30_BDMC, 31_XMMC, 31_XMLY, 31_ZZWCDW, 34_XSGZYJZGW_XSGBJL",69,0.716,0.716
20,18_LHPYGJ,"DEPARTMENT, MAJOR, ZYFX, XBMC, ZXWYYZMC, XLMC, XXXSMC, JTDZ, GZZWLBMC, 6_LWMC, 6_FBKW, 10_PIM, 10_QKMC, 10_JSLB, 10_JCRFQ, 10_PM, 11_PIM, 11_HYMC, 11_HYLB, 11_PM, 12_ZZMC, 12_CBS, 12_PM, 13_ZLTM, 13_SQLX, 13_ZLWXZL, 13_PM, 14_KYXMMC, 14_JXMC, 14_FJJG, 14_JXJB, 14_PM, 15_HDMC, 15_HDFS, 15_ZZDW, 15_BRJS, 15_HDQDCG, 16_JXMC, 16_CGLB, 16_CGMC, 16_JXJB, 16_JXDJ, 16_SJDW, 17_HYMC, 17_HYZT, 17_BRJS, 17_ZBDW, 18_XMMC, 18_YJFX, 20_FQ, 20_HYMC, 21_CGMC, 21_CGCXD, 21_CGCNYYZHQK, 22_ZLMC, 22_ZLJJ, 22_ZLZHQK, 24_BRSZGZ, 25_HYMC, 25_HYZT, 26_XMMC, 26_YJFX, 27_HDMC, 30_BDMC, 31_XMMC, 31_XMLY, 31_ZZWCDW, 34_XSGZYJZGW_XSGBJL",68,0.716,0.716
20,18_XMMC,"DEPARTMENT, MAJOR, ZYFX, XBMC, ZXWYYZMC, XLMC, XXXSMC, JTDZ, GZZWLBMC, 6_LWMC, 6_FBKW, 10_PIM, 10_QKMC, 10_JSLB, 10_JCRFQ, 10_PM, 11_PIM, 11_HYMC, 11_HYLB, 11_PM, 12_ZZMC, 12_CBS, 12_PM, 13_ZLTM, 13_SQLX, 13_ZLWXZL, 13_PM, 14_KYXMMC, 14_JXMC, 14_FJJG, 14_JXJB, 14_PM, 15_HDMC, 15_HDFS, 15_ZZDW, 15_BRJS, 15_HDQDCG, 16_JXMC, 16_CGLB, 16_CGMC, 16_JXJB, 16_JXDJ, 16_SJDW, 17_HYMC, 17_HYZT, 17_BRJS, 17_ZBDW, 18_YJFX, 20_FQ, 20_HYMC, 21_CGMC, 21_CGCXD, 21_CGCNYYZHQK, 22_ZLMC, 22_ZLJJ, 22_ZLZHQK, 24_BRSZGZ, 25_HYMC, 25_HYZT, 26_XMMC, 26_YJFX, 27_HDMC, 30_BDMC, 31_XMMC, 31_XMLY, 31_ZZWCDW, 34_XSGZYJZGW_XSGBJL",67,0.716,0.716
21,17_ZBDW,"DEPARTMENT, MAJOR, ZYFX, XBMC, ZXWYYZMC, XLMC, XXXSMC, JTDZ, GZZWLBMC, 6_LWMC, 6_FBKW, 10_PIM, 10_QKMC, 10_JSLB, 10_JCRFQ, 10_PM, 11_PIM, 11_HYMC, 11_HYLB, 11_PM, 12_ZZMC, 12_CBS, 12_PM, 13_ZLTM, 13_SQLX, 13_ZLWXZL, 13_PM, 14_KYXMMC, 14_JXMC, 14_FJJG, 14_JXJB, 14_PM, 15_HDMC, 15_HDFS, 15_ZZDW, 15_BRJS, 15_HDQDCG, 16_JXMC, 16_CGLB, 16_CGMC, 16_JXJB, 16_JXDJ, 16_SJDW, 17_HYMC, 17_HYZT, 17_BRJS, 17_ZBDW, 18_YJFX, 20_FQ, 20_HYMC, 21_CGMC, 21_CGCXD, 21_CGCNYYZHQK, 22_ZLMC, 22_ZLJJ, 22_ZLZHQK, 24_BRSZGZ, 25_HYMC, 25_HYZT, 26_XMMC, 26_YJFX, 27_HDMC, 30_BDMC, 31_XMMC, 31_XMLY, 31_ZZWCDW, 34_XSGZYJZGW_XSGBJL",67,0.715,0.716
22,17_BRJS,"DEPARTMENT, MAJOR, ZYFX, XBMC, ZXWYYZMC, XLMC, XXXSMC, JTDZ, GZZWLBMC, 6_LWMC, 6_FBKW, 10_PIM, 10_QKMC, 10_JSLB, 10_JCRFQ, 10_PM, 11_PIM, 11_HYMC, 11_HYLB, 11_PM, 12_ZZMC, 12_CBS, 12_PM, 13_ZLTM, 13_SQLX, 13_ZLWXZL, 13_PM, 14_KYXMMC, 14_JXMC, 14_FJJG, 14_JXJB, 14_PM, 15_HDMC, 15_HDFS, 15_ZZDW, 15_BRJS, 15_HDQDCG, 16_JXMC, 16_CGLB, 16_CGMC, 16_JXJB, 16_JXDJ, 16_SJDW, 17_HYMC, 17_HYZT, 17_BRJS, 17_ZBDW, 18_YJFX, 20_FQ, 20_HYMC, 21_CGMC, 21_CGCXD, 21_CGCNYYZHQK, 22_ZLMC, 22_ZLJJ, 22_ZLZHQK, 24_BRSZGZ, 25_HYMC, 25_HYZT, 26_XMMC, 26_YJFX, 27_HDMC, 30_BDMC, 31_XMMC, 31_XMLY, 31_ZZWCDW, 34_XSGZYJZGW_XSGBJL",67,0.711,0.716
23,17_HYZT,"DEPARTMENT, MAJOR, ZYFX, XBMC, ZXWYYZMC, XLMC, XXXSMC, JTDZ, GZZWLBMC, 6_LWMC, 6_FBKW, 10_PIM, 10_QKMC, 10_JSLB, 10_JCRFQ, 10_PM, 11_PIM, 11_HYMC, 11_HYLB, 11_PM, 12_ZZMC, 12_CBS, 12_PM, 13_ZLTM, 13_SQLX, 13_ZLWXZL, 13_PM, 14_KYXMMC, 14_JXMC, 14_FJJG, 14_JXJB, 14_PM, 15_HDMC, 15_HDFS, 15_ZZDW, 15_BRJS, 15_HDQDCG, 16_JXMC, 16_CGLB, 16_CGMC, 16_JXJB, 16_JXDJ, 16_SJDW, 17_HYMC, 17_HYZT, 17_BRJS, 17_ZBDW, 18_YJFX, 20_FQ, 20_HYMC, 21_CGMC, 21_CGCXD, 21_CGCNYYZHQK, 22_ZLMC, 22_ZLJJ, 22_ZLZHQK, 24_BRSZGZ, 25_HYMC, 25_HYZT, 26_XMMC, 26_YJFX, 27_HDMC, 30_BDMC, 31_XMMC, 31_XMLY, 31_ZZWCDW, 34_XSGZYJZGW_XSGBJL",67,0.715,0.716
23,17_HYMC,"DEPARTMENT, MAJOR, ZYFX, XBMC, ZXWYYZMC, XLMC, XXXSMC, JTDZ, GZZWLBMC, 6_LWMC, 6_FBKW, 10_PIM, 10_QKMC, 10_JSLB, 10_JCRFQ, 10_PM, 11_PIM, 11_HYMC, 11_HYLB, 11_PM, 12_ZZMC, 12_CBS, 12_PM, 13_ZLTM, 13_SQLX, 13_ZLWXZL, 13_PM, 14_KYXMMC, 14_JXMC, 14_FJJG, 14_JXJB, 14_PM, 15_HDMC, 15_HDFS, 15_ZZDW, 15_BRJS, 15_HDQDCG, 16_JXMC, 16_CGLB, 16_CGMC, 16_JXJB, 16_JXDJ, 16_SJDW, 17_HYZT, 17_BRJS, 17_ZBDW, 18_YJFX, 20_FQ, 20_HYMC, 21_CGMC, 21_CGCXD, 21_CGCNYYZHQK, 22_ZLMC, 22_ZLJJ, 22_ZLZHQK, 24_BRSZGZ, 25_HYMC, 25_HYZT, 26_XMMC, 26_YJFX, 27_HDMC, 30_BDMC, 31_XMMC, 31_XMLY, 31_ZZWCDW, 34_XSGZYJZGW_XSGBJL",66,0.717,0.717
23,16_SJDW,"DEPARTMENT, MAJOR, ZYFX, XBMC, ZXWYYZMC, XLMC, XXXSMC, JTDZ, GZZWLBMC, 6_LWMC, 6_FBKW, 10_PIM, 10_QKMC, 10_JSLB, 10_JCRFQ, 10_PM, 11_PIM, 11_HYMC, 11_HYLB, 11_PM, 12_ZZMC, 12_CBS, 12_PM, 13_ZLTM, 13_SQLX, 13_ZLWXZL, 13_PM, 14_KYXMMC, 14_JXMC, 14_FJJG, 14_JXJB, 14_PM, 15_HDMC, 15_HDFS, 15_ZZDW, 15_BRJS, 15_HDQDCG, 16_JXMC, 16_CGLB, 16_CGMC, 16_JXJB, 16_JXDJ, 17_HYZT, 17_BRJS, 17_ZBDW, 18_YJFX, 20_FQ, 20_HYMC, 21_CGMC, 21_CGCXD, 21_CGCNYYZHQK, 22_ZLMC, 22_ZLJJ, 22_ZLZHQK, 24_BRSZGZ, 25_HYMC, 25_HYZT, 26_XMMC, 26_YJFX, 27_HDMC, 30_BDMC, 31_XMMC, 31_XMLY, 31_ZZWCDW, 34_XSGZYJZGW_XSGBJL",65,0.718,0.718
23,16_JXDJ,"DEPARTMENT, MAJOR, ZYFX, XBMC, ZXWYYZMC, XLMC, XXXSMC, JTDZ, GZZWLBMC, 6_LWMC, 6_FBKW, 10_PIM, 10_QKMC, 10_JSLB, 10_JCRFQ, 10_PM, 11_PIM, 11_HYMC, 11_HYLB, 11_PM, 12_ZZMC, 12_CBS, 12_PM, 13_ZLTM, 13_SQLX, 13_ZLWXZL, 13_PM, 14_KYXMMC, 14_JXMC, 14_FJJG, 14_JXJB, 14_PM, 15_HDMC, 15_HDFS, 15_ZZDW, 15_BRJS, 15_HDQDCG, 16_JXMC, 16_CGLB, 16_CGMC, 16_JXJB, 17_HYZT, 17_BRJS, 17_ZBDW, 18_YJFX, 20_FQ, 20_HYMC, 21_CGMC, 21_CGCXD, 21_CGCNYYZHQK, 22_ZLMC, 22_ZLJJ, 22_ZLZHQK, 24_BRSZGZ, 25_HYMC, 25_HYZT, 26_XMMC, 26_YJFX, 27_HDMC, 30_BDMC, 31_XMMC, 31_XMLY, 31_ZZWCDW, 34_XSGZYJZGW_XSGBJL",64,0.719,0.719
24,16_JXJB,"DEPARTMENT, MAJOR, ZYFX, XBMC, ZXWYYZMC, XLMC, XXXSMC, JTDZ, GZZWLBMC, 6_LWMC, 6_FBKW, 10_PIM, 10_QKMC, 10_JSLB, 10_JCRFQ, 10_PM, 11_PIM, 11_HYMC, 11_HYLB, 11_PM, 12_ZZMC, 12_CBS, 12_PM, 13_ZLTM, 13_SQLX, 13_ZLWXZL, 13_PM, 14_KYXMMC, 14_JXMC, 14_FJJG, 14_JXJB, 14_PM, 15_HDMC, 15_HDFS, 15_ZZDW, 15_BRJS, 15_HDQDCG, 16_JXMC, 16_CGLB, 16_CGMC, 16_JXJB, 17_HYZT, 17_BRJS, 17_ZBDW, 18_YJFX, 20_FQ, 20_HYMC, 21_CGMC, 21_CGCXD, 21_CGCNYYZHQK, 22_ZLMC, 22_ZLJJ, 22_ZLZHQK, 24_BRSZGZ, 25_HYMC, 25_HYZT, 26_XMMC, 26_YJFX, 27_HDMC, 30_BDMC, 31_XMMC, 31_XMLY, 31_ZZWCDW, 34_XSGZYJZGW_XSGBJL",64,0.718,0.719
25,16_CGMC,"DEPARTMENT, MAJOR, ZYFX, XBMC, ZXWYYZMC, XLMC, XXXSMC, JTDZ, GZZWLBMC, 6_LWMC, 6_FBKW, 10_PIM, 10_QKMC, 10_JSLB, 10_JCRFQ, 10_PM, 11_PIM, 11_HYMC, 11_HYLB, 11_PM, 12_ZZMC, 12_CBS, 12_PM, 13_ZLTM, 13_SQLX, 13_ZLWXZL, 13_PM, 14_KYXMMC, 14_JXMC, 14_FJJG, 14_JXJB, 14_PM, 15_HDMC, 15_HDFS, 15_ZZDW, 15_BRJS, 15_HDQDCG, 16_JXMC, 16_CGLB, 16_CGMC, 16_JXJB, 17_HYZT, 17_BRJS, 17_ZBDW, 18_YJFX, 20_FQ, 20_HYMC, 21_CGMC, 21_CGCXD, 21_CGCNYYZHQK, 22_ZLMC, 22_ZLJJ, 22_ZLZHQK, 24_BRSZGZ, 25_HYMC, 25_HYZT, 26_XMMC, 26_YJFX, 27_HDMC, 30_BDMC, 31_XMMC, 31_XMLY, 31_ZZWCDW, 34_XSGZYJZGW_XSGBJL",64,0.717,0.719
26,16_CGLB,"DEPARTMENT, MAJOR, ZYFX, XBMC, ZXWYYZMC, XLMC, XXXSMC, JTDZ, GZZWLBMC, 6_LWMC, 6_FBKW, 10_PIM, 10_QKMC, 10_JSLB, 10_JCRFQ, 10_PM, 11_PIM, 11_HYMC, 11_HYLB, 11_PM, 12_ZZMC, 12_CBS, 12_PM, 13_ZLTM, 13_SQLX, 13_ZLWXZL, 13_PM, 14_KYXMMC, 14_JXMC, 14_FJJG, 14_JXJB, 14_PM, 15_HDMC, 15_HDFS, 15_ZZDW, 15_BRJS, 15_HDQDCG, 16_JXMC, 16_CGLB, 16_CGMC, 16_JXJB, 17_HYZT, 17_BRJS, 17_ZBDW, 18_YJFX, 20_FQ, 20_HYMC, 21_CGMC, 21_CGCXD, 21_CGCNYYZHQK, 22_ZLMC, 22_ZLJJ, 22_ZLZHQK, 24_BRSZGZ, 25_HYMC, 25_HYZT, 26_XMMC, 26_YJFX, 27_HDMC, 30_BDMC, 31_XMMC, 31_XMLY, 31_ZZWCDW, 34_XSGZYJZGW_XSGBJL",64,0.718,0.719
27,16_JXMC,"DEPARTMENT, MAJOR, ZYFX, XBMC, ZXWYYZMC, XLMC, XXXSMC, JTDZ, GZZWLBMC, 6_LWMC, 6_FBKW, 10_PIM, 10_QKMC, 10_JSLB, 10_JCRFQ, 10_PM, 11_PIM, 11_HYMC, 11_HYLB, 11_PM, 12_ZZMC, 12_CBS, 12_PM, 13_ZLTM, 13_SQLX, 13_ZLWXZL, 13_PM, 14_KYXMMC, 14_JXMC, 14_FJJG, 14_JXJB, 14_PM, 15_HDMC, 15_HDFS, 15_ZZDW, 15_BRJS, 15_HDQDCG, 16_JXMC, 16_CGLB, 16_CGMC, 16_JXJB, 17_HYZT, 17_BRJS, 17_ZBDW, 18_YJFX, 20_FQ, 20_HYMC, 21_CGMC, 21_CGCXD, 21_CGCNYYZHQK, 22_ZLMC, 22_ZLJJ, 22_ZLZHQK, 24_BRSZGZ, 25_HYMC, 25_HYZT, 26_XMMC, 26_YJFX, 27_HDMC, 30_BDMC, 31_XMMC, 31_XMLY, 31_ZZWCDW, 34_XSGZYJZGW_XSGBJL",64,0.718,0.719
28,15_HDQDCG,"DEPARTMENT, MAJOR, ZYFX, XBMC, ZXWYYZMC, XLMC, XXXSMC, JTDZ, GZZWLBMC, 6_LWMC, 6_FBKW, 10_PIM, 10_QKMC, 10_JSLB, 10_JCRFQ, 10_PM, 11_PIM, 11_HYMC, 11_HYLB, 11_PM, 12_ZZMC, 12_CBS, 12_PM, 13_ZLTM, 13_SQLX, 13_ZLWXZL, 13_PM, 14_KYXMMC, 14_JXMC, 14_FJJG, 14_JXJB, 14_PM, 15_HDMC, 15_HDFS, 15_ZZDW, 15_BRJS, 15_HDQDCG, 16_JXMC, 16_CGLB, 16_CGMC, 16_JXJB, 17_HYZT, 17_BRJS, 17_ZBDW, 18_YJFX, 20_FQ, 20_HYMC, 21_CGMC, 21_CGCXD, 21_CGCNYYZHQK, 22_ZLMC, 22_ZLJJ, 22_ZLZHQK, 24_BRSZGZ, 25_HYMC, 25_HYZT, 26_XMMC, 26_YJFX, 27_HDMC, 30_BDMC, 31_XMMC, 31_XMLY, 31_ZZWCDW, 34_XSGZYJZGW_XSGBJL",64,0.715,0.719
29,15_BRJS,"DEPARTMENT, MAJOR, ZYFX, XBMC, ZXWYYZMC, XLMC, XXXSMC, JTDZ, GZZWLBMC, 6_LWMC, 6_FBKW, 10_PIM, 10_QKMC, 10_JSLB, 10_JCRFQ, 10_PM, 11_PIM, 11_HYMC, 11_HYLB, 11_PM, 12_ZZMC, 12_CBS, 12_PM, 13_ZLTM, 13_SQLX, 13_ZLWXZL, 13_PM, 14_KYXMMC, 14_JXMC, 14_FJJG, 14_JXJB, 14_PM, 15_HDMC, 15_HDFS, 15_ZZDW, 15_BRJS, 15_HDQDCG, 16_JXMC, 16_CGLB, 16_CGMC, 16_JXJB, 17_HYZT, 17_BRJS, 17_ZBDW, 18_YJFX, 20_FQ, 20_HYMC, 21_CGMC, 21_CGCXD, 21_CGCNYYZHQK, 22_ZLMC, 22_ZLJJ, 22_ZLZHQK, 24_BRSZGZ, 25_HYMC, 25_HYZT, 26_XMMC, 26_YJFX, 27_HDMC, 30_BDMC, 31_XMMC, 31_XMLY, 31_ZZWCDW, 34_XSGZYJZGW_XSGBJL",64,0.717,0.719
30,15_ZZDW,"DEPARTMENT, MAJOR, ZYFX, XBMC, ZXWYYZMC, XLMC, XXXSMC, JTDZ, GZZWLBMC, 6_LWMC, 6_FBKW, 10_PIM, 10_QKMC, 10_JSLB, 10_JCRFQ, 10_PM, 11_PIM, 11_HYMC, 11_HYLB, 11_PM, 12_ZZMC, 12_CBS, 12_PM, 13_ZLTM, 13_SQLX, 13_ZLWXZL, 13_PM, 14_KYXMMC, 14_JXMC, 14_FJJG, 14_JXJB, 14_PM, 15_HDMC, 15_HDFS, 15_ZZDW, 15_BRJS, 15_HDQDCG, 16_JXMC, 16_CGLB, 16_CGMC, 16_JXJB, 17_HYZT, 17_BRJS, 17_ZBDW, 18_YJFX, 20_FQ, 20_HYMC, 21_CGMC, 21_CGCXD, 21_CGCNYYZHQK, 22_ZLMC, 22_ZLJJ, 22_ZLZHQK, 24_BRSZGZ, 25_HYMC, 25_HYZT, 26_XMMC, 26_YJFX, 27_HDMC, 30_BDMC, 31_XMMC, 31_XMLY, 31_ZZWCDW, 34_XSGZYJZGW_XSGBJL",64,0.71,0.719
31,15_HDFS,"DEPARTMENT, MAJOR, ZYFX, XBMC, ZXWYYZMC, XLMC, XXXSMC, JTDZ, GZZWLBMC, 6_LWMC, 6_FBKW, 10_PIM, 10_QKMC, 10_JSLB, 10_JCRFQ, 10_PM, 11_PIM, 11_HYMC, 11_HYLB, 11_PM, 12_ZZMC, 12_CBS, 12_PM, 13_ZLTM, 13_SQLX, 13_ZLWXZL, 13_PM, 14_KYXMMC, 14_JXMC, 14_FJJG, 14_JXJB, 14_PM, 15_HDMC, 15_HDFS, 15_ZZDW, 15_BRJS, 15_HDQDCG, 16_JXMC, 16_CGLB, 16_CGMC, 16_JXJB, 17_HYZT, 17_BRJS, 17_ZBDW, 18_YJFX, 20_FQ, 20_HYMC, 21_CGMC, 21_CGCXD, 21_CGCNYYZHQK, 22_ZLMC, 22_ZLJJ, 22_ZLZHQK, 24_BRSZGZ, 25_HYMC, 25_HYZT, 26_XMMC, 26_YJFX, 27_HDMC, 30_BDMC, 31_XMMC, 31_XMLY, 31_ZZWCDW, 34_XSGZYJZGW_XSGBJL",64,0.718,0.719
32,15_HDMC,"DEPARTMENT, MAJOR, ZYFX, XBMC, ZXWYYZMC, XLMC, XXXSMC, JTDZ, GZZWLBMC, 6_LWMC, 6_FBKW, 10_PIM, 10_QKMC, 10_JSLB, 10_JCRFQ, 10_PM, 11_PIM, 11_HYMC, 11_HYLB, 11_PM, 12_ZZMC, 12_CBS, 12_PM, 13_ZLTM, 13_SQLX, 13_ZLWXZL, 13_PM, 14_KYXMMC, 14_JXMC, 14_FJJG, 14_JXJB, 14_PM, 15_HDMC, 15_HDFS, 15_ZZDW, 15_BRJS, 15_HDQDCG, 16_JXMC, 16_CGLB, 16_CGMC, 16_JXJB, 17_HYZT, 17_BRJS, 17_ZBDW, 18_YJFX, 20_FQ, 20_HYMC, 21_CGMC, 21_CGCXD, 21_CGCNYYZHQK, 22_ZLMC, 22_ZLJJ, 22_ZLZHQK, 24_BRSZGZ, 25_HYMC, 25_HYZT, 26_XMMC, 26_YJFX, 27_HDMC, 30_BDMC, 31_XMMC, 31_XMLY, 31_ZZWCDW, 34_XSGZYJZGW_XSGBJL",64,0.709,0.719
32,14_PM,"DEPARTMENT, MAJOR, ZYFX, XBMC, ZXWYYZMC, XLMC, XXXSMC, JTDZ, GZZWLBMC, 6_LWMC, 6_FBKW, 10_PIM, 10_QKMC, 10_JSLB, 10_JCRFQ, 10_PM, 11_PIM, 11_HYMC, 11_HYLB, 11_PM, 12_ZZMC, 12_CBS, 12_PM, 13_ZLTM, 13_SQLX, 13_ZLWXZL, 13_PM, 14_KYXMMC, 14_JXMC, 14_FJJG, 14_JXJB, 15_HDMC, 15_HDFS, 15_ZZDW, 15_BRJS, 15_HDQDCG, 16_JXMC, 16_CGLB, 16_CGMC, 16_JXJB, 17_HYZT, 17_BRJS, 17_ZBDW, 18_YJFX, 20_FQ, 20_HYMC, 21_CGMC, 21_CGCXD, 21_CGCNYYZHQK, 22_ZLMC, 22_ZLJJ, 22_ZLZHQK, 24_BRSZGZ, 25_HYMC, 25_HYZT, 26_XMMC, 26_YJFX, 27_HDMC, 30_BDMC, 31_XMMC, 31_XMLY, 31_ZZWCDW, 34_XSGZYJZGW_XSGBJL",63,0.72,0.72
32,14_JXJB,"DEPARTMENT, MAJOR, ZYFX, XBMC, ZXWYYZMC, XLMC, XXXSMC, JTDZ, GZZWLBMC, 6_LWMC, 6_FBKW, 10_PIM, 10_QKMC, 10_JSLB, 10_JCRFQ, 10_PM, 11_PIM, 11_HYMC, 11_HYLB, 11_PM, 12_ZZMC, 12_CBS, 12_PM, 13_ZLTM, 13_SQLX, 13_ZLWXZL, 13_PM, 14_KYXMMC, 14_JXMC, 14_FJJG, 15_HDMC, 15_HDFS, 15_ZZDW, 15_BRJS, 15_HDQDCG, 16_JXMC, 16_CGLB, 16_CGMC, 16_JXJB, 17_HYZT, 17_BRJS, 17_ZBDW, 18_YJFX, 20_FQ, 20_HYMC, 21_CGMC, 21_CGCXD, 21_CGCNYYZHQK, 22_ZLMC, 22_ZLJJ, 22_ZLZHQK, 24_BRSZGZ, 25_HYMC, 25_HYZT, 26_XMMC, 26_YJFX, 27_HDMC, 30_BDMC, 31_XMMC, 31_XMLY, 31_ZZWCDW, 34_XSGZYJZGW_XSGBJL",62,0.72,0.72
33,14_FJJG,"DEPARTMENT, MAJOR, ZYFX, XBMC, ZXWYYZMC, XLMC, XXXSMC, JTDZ, GZZWLBMC, 6_LWMC, 6_FBKW, 10_PIM, 10_QKMC, 10_JSLB, 10_JCRFQ, 10_PM, 11_PIM, 11_HYMC, 11_HYLB, 11_PM, 12_ZZMC, 12_CBS, 12_PM, 13_ZLTM, 13_SQLX, 13_ZLWXZL, 13_PM, 14_KYXMMC, 14_JXMC, 14_FJJG, 15_HDMC, 15_HDFS, 15_ZZDW, 15_BRJS, 15_HDQDCG, 16_JXMC, 16_CGLB, 16_CGMC, 16_JXJB, 17_HYZT, 17_BRJS, 17_ZBDW, 18_YJFX, 20_FQ, 20_HYMC, 21_CGMC, 21_CGCXD, 21_CGCNYYZHQK, 22_ZLMC, 22_ZLJJ, 22_ZLZHQK, 24_BRSZGZ, 25_HYMC, 25_HYZT, 26_XMMC, 26_YJFX, 27_HDMC, 30_BDMC, 31_XMMC, 31_XMLY, 31_ZZWCDW, 34_XSGZYJZGW_XSGBJL",62,0.719,0.72
34,14_JXMC,"DEPARTMENT, MAJOR, ZYFX, XBMC, ZXWYYZMC, XLMC, XXXSMC, JTDZ, GZZWLBMC, 6_LWMC, 6_FBKW, 10_PIM, 10_QKMC, 10_JSLB, 10_JCRFQ, 10_PM, 11_PIM, 11_HYMC, 11_HYLB, 11_PM, 12_ZZMC, 12_CBS, 12_PM, 13_ZLTM, 13_SQLX, 13_ZLWXZL, 13_PM, 14_KYXMMC, 14_JXMC, 14_FJJG, 15_HDMC, 15_HDFS, 15_ZZDW, 15_BRJS, 15_HDQDCG, 16_JXMC, 16_CGLB, 16_CGMC, 16_JXJB, 17_HYZT, 17_BRJS, 17_ZBDW, 18_YJFX, 20_FQ, 20_HYMC, 21_CGMC, 21_CGCXD, 21_CGCNYYZHQK, 22_ZLMC, 22_ZLJJ, 22_ZLZHQK, 24_BRSZGZ, 25_HYMC, 25_HYZT, 26_XMMC, 26_YJFX, 27_HDMC, 30_BDMC, 31_XMMC, 31_XMLY, 31_ZZWCDW, 34_XSGZYJZGW_XSGBJL",62,0.718,0.72
34,14_KYXMMC,"DEPARTMENT, MAJOR, ZYFX, XBMC, ZXWYYZMC, XLMC, XXXSMC, JTDZ, GZZWLBMC, 6_LWMC, 6_FBKW, 10_PIM, 10_QKMC, 10_JSLB, 10_JCRFQ, 10_PM, 11_PIM, 11_HYMC, 11_HYLB, 11_PM, 12_ZZMC, 12_CBS, 12_PM, 13_ZLTM, 13_SQLX, 13_ZLWXZL, 13_PM, 14_JXMC, 14_FJJG, 15_HDMC, 15_HDFS, 15_ZZDW, 15_BRJS, 15_HDQDCG, 16_JXMC, 16_CGLB, 16_CGMC, 16_JXJB, 17_HYZT, 17_BRJS, 17_ZBDW, 18_YJFX, 20_FQ, 20_HYMC, 21_CGMC, 21_CGCXD, 21_CGCNYYZHQK, 22_ZLMC, 22_ZLJJ, 22_ZLZHQK, 24_BRSZGZ, 25_HYMC, 25_HYZT, 26_XMMC, 26_YJFX, 27_HDMC, 30_BDMC, 31_XMMC, 31_XMLY, 31_ZZWCDW, 34_XSGZYJZGW_XSGBJL",61,0.72,0.72
34,13_PM,"DEPARTMENT, MAJOR, ZYFX, XBMC, ZXWYYZMC, XLMC, XXXSMC, JTDZ, GZZWLBMC, 6_LWMC, 6_FBKW, 10_PIM, 10_QKMC, 10_JSLB, 10_JCRFQ, 10_PM, 11_PIM, 11_HYMC, 11_HYLB, 11_PM, 12_ZZMC, 12_CBS, 12_PM, 13_ZLTM, 13_SQLX, 13_ZLWXZL, 14_JXMC, 14_FJJG, 15_HDMC, 15_HDFS, 15_ZZDW, 15_BRJS, 15_HDQDCG, 16_JXMC, 16_CGLB, 16_CGMC, 16_JXJB, 17_HYZT, 17_BRJS, 17_ZBDW, 18_YJFX, 20_FQ, 20_HYMC, 21_CGMC, 21_CGCXD, 21_CGCNYYZHQK, 22_ZLMC, 22_ZLJJ, 22_ZLZHQK, 24_BRSZGZ, 25_HYMC, 25_HYZT, 26_XMMC, 26_YJFX, 27_HDMC, 30_BDMC, 31_XMMC, 31_XMLY, 31_ZZWCDW, 34_XSGZYJZGW_XSGBJL",60,0.721,0.721
35,13_ZLWXZL,"DEPARTMENT, MAJOR, ZYFX, XBMC, ZXWYYZMC, XLMC, XXXSMC, JTDZ, GZZWLBMC, 6_LWMC, 6_FBKW, 10_PIM, 10_QKMC, 10_JSLB, 10_JCRFQ, 10_PM, 11_PIM, 11_HYMC, 11_HYLB, 11_PM, 12_ZZMC, 12_CBS, 12_PM, 13_ZLTM, 13_SQLX, 13_ZLWXZL, 14_JXMC, 14_FJJG, 15_HDMC, 15_HDFS, 15_ZZDW, 15_BRJS, 15_HDQDCG, 16_JXMC, 16_CGLB, 16_CGMC, 16_JXJB, 17_HYZT, 17_BRJS, 17_ZBDW, 18_YJFX, 20_FQ, 20_HYMC, 21_CGMC, 21_CGCXD, 21_CGCNYYZHQK, 22_ZLMC, 22_ZLJJ, 22_ZLZHQK, 24_BRSZGZ, 25_HYMC, 25_HYZT, 26_XMMC, 26_YJFX, 27_HDMC, 30_BDMC, 31_XMMC, 31_XMLY, 31_ZZWCDW, 34_XSGZYJZGW_XSGBJL",60,0.693,0.721
36,13_SQLX,"DEPARTMENT, MAJOR, ZYFX, XBMC, ZXWYYZMC, XLMC, XXXSMC, JTDZ, GZZWLBMC, 6_LWMC, 6_FBKW, 10_PIM, 10_QKMC, 10_JSLB, 10_JCRFQ, 10_PM, 11_PIM, 11_HYMC, 11_HYLB, 11_PM, 12_ZZMC, 12_CBS, 12_PM, 13_ZLTM, 13_SQLX, 13_ZLWXZL, 14_JXMC, 14_FJJG, 15_HDMC, 15_HDFS, 15_ZZDW, 15_BRJS, 15_HDQDCG, 16_JXMC, 16_CGLB, 16_CGMC, 16_JXJB, 17_HYZT, 17_BRJS, 17_ZBDW, 18_YJFX, 20_FQ, 20_HYMC, 21_CGMC, 21_CGCXD, 21_CGCNYYZHQK, 22_ZLMC, 22_ZLJJ, 22_ZLZHQK, 24_BRSZGZ, 25_HYMC, 25_HYZT, 26_XMMC, 26_YJFX, 27_HDMC, 30_BDMC, 31_XMMC, 31_XMLY, 31_ZZWCDW, 34_XSGZYJZGW_XSGBJL",60,0.712,0.721
37,13_ZLTM,"DEPARTMENT, MAJOR, ZYFX, XBMC, ZXWYYZMC, XLMC, XXXSMC, JTDZ, GZZWLBMC, 6_LWMC, 6_FBKW, 10_PIM, 10_QKMC, 10_JSLB, 10_JCRFQ, 10_PM, 11_PIM, 11_HYMC, 11_HYLB, 11_PM, 12_ZZMC, 12_CBS, 12_PM, 13_ZLTM, 13_SQLX, 13_ZLWXZL, 14_JXMC, 14_FJJG, 15_HDMC, 15_HDFS, 15_ZZDW, 15_BRJS, 15_HDQDCG, 16_JXMC, 16_CGLB, 16_CGMC, 16_JXJB, 17_HYZT, 17_BRJS, 17_ZBDW, 18_YJFX, 20_FQ, 20_HYMC, 21_CGMC, 21_CGCXD, 21_CGCNYYZHQK, 22_ZLMC, 22_ZLJJ, 22_ZLZHQK, 24_BRSZGZ, 25_HYMC, 25_HYZT, 26_XMMC, 26_YJFX, 27_HDMC, 30_BDMC, 31_XMMC, 31_XMLY, 31_ZZWCDW, 34_XSGZYJZGW_XSGBJL",60,0.715,0.721
38,12_PM,"DEPARTMENT, MAJOR, ZYFX, XBMC, ZXWYYZMC, XLMC, XXXSMC, JTDZ, GZZWLBMC, 6_LWMC, 6_FBKW, 10_PIM, 10_QKMC, 10_JSLB, 10_JCRFQ, 10_PM, 11_PIM, 11_HYMC, 11_HYLB, 11_PM, 12_ZZMC, 12_CBS, 12_PM, 13_ZLTM, 13_SQLX, 13_ZLWXZL, 14_JXMC, 14_FJJG, 15_HDMC, 15_HDFS, 15_ZZDW, 15_BRJS, 15_HDQDCG, 16_JXMC, 16_CGLB, 16_CGMC, 16_JXJB, 17_HYZT, 17_BRJS, 17_ZBDW, 18_YJFX, 20_FQ, 20_HYMC, 21_CGMC, 21_CGCXD, 21_CGCNYYZHQK, 22_ZLMC, 22_ZLJJ, 22_ZLZHQK, 24_BRSZGZ, 25_HYMC, 25_HYZT, 26_XMMC, 26_YJFX, 27_HDMC, 30_BDMC, 31_XMMC, 31_XMLY, 31_ZZWCDW, 34_XSGZYJZGW_XSGBJL",60,0.719,0.721
38,12_CBS,"DEPARTMENT, MAJOR, ZYFX, XBMC, ZXWYYZMC, XLMC, XXXSMC, JTDZ, GZZWLBMC, 6_LWMC, 6_FBKW, 10_PIM, 10_QKMC, 10_JSLB, 10_JCRFQ, 10_PM, 11_PIM, 11_HYMC, 11_HYLB, 11_PM, 12_ZZMC, 12_PM, 13_ZLTM, 13_SQLX, 13_ZLWXZL, 14_JXMC, 14_FJJG, 15_HDMC, 15_HDFS, 15_ZZDW, 15_BRJS, 15_HDQDCG, 16_JXMC, 16_CGLB, 16_CGMC, 16_JXJB, 17_HYZT, 17_BRJS, 17_ZBDW, 18_YJFX, 20_FQ, 20_HYMC, 21_CGMC, 21_CGCXD, 21_CGCNYYZHQK, 22_ZLMC, 22_ZLJJ, 22_ZLZHQK, 24_BRSZGZ, 25_HYMC, 25_HYZT, 26_XMMC, 26_YJFX, 27_HDMC, 30_BDMC, 31_XMMC, 31_XMLY, 31_ZZWCDW, 34_XSGZYJZGW_XSGBJL",59,0.722,0.722
39,12_ZZMC,"DEPARTMENT, MAJOR, ZYFX, XBMC, ZXWYYZMC, XLMC, XXXSMC, JTDZ, GZZWLBMC, 6_LWMC, 6_FBKW, 10_PIM, 10_QKMC, 10_JSLB, 10_JCRFQ, 10_PM, 11_PIM, 11_HYMC, 11_HYLB, 11_PM, 12_ZZMC, 12_PM, 13_ZLTM, 13_SQLX, 13_ZLWXZL, 14_JXMC, 14_FJJG, 15_HDMC, 15_HDFS, 15_ZZDW, 15_BRJS, 15_HDQDCG, 16_JXMC, 16_CGLB, 16_CGMC, 16_JXJB, 17_HYZT, 17_BRJS, 17_ZBDW, 18_YJFX, 20_FQ, 20_HYMC, 21_CGMC, 21_CGCXD, 21_CGCNYYZHQK, 22_ZLMC, 22_ZLJJ, 22_ZLZHQK, 24_BRSZGZ, 25_HYMC, 25_HYZT, 26_XMMC, 26_YJFX, 27_HDMC, 30_BDMC, 31_XMMC, 31_XMLY, 31_ZZWCDW, 34_XSGZYJZGW_XSGBJL",59,0.719,0.722
40,11_PM,"DEPARTMENT, MAJOR, ZYFX, XBMC, ZXWYYZMC, XLMC, XXXSMC, JTDZ, GZZWLBMC, 6_LWMC, 6_FBKW, 10_PIM, 10_QKMC, 10_JSLB, 10_JCRFQ, 10_PM, 11_PIM, 11_HYMC, 11_HYLB, 11_PM, 12_ZZMC, 12_PM, 13_ZLTM, 13_SQLX, 13_ZLWXZL, 14_JXMC, 14_FJJG, 15_HDMC, 15_HDFS, 15_ZZDW, 15_BRJS, 15_HDQDCG, 16_JXMC, 16_CGLB, 16_CGMC, 16_JXJB, 17_HYZT, 17_BRJS, 17_ZBDW, 18_YJFX, 20_FQ, 20_HYMC, 21_CGMC, 21_CGCXD, 21_CGCNYYZHQK, 22_ZLMC, 22_ZLJJ, 22_ZLZHQK, 24_BRSZGZ, 25_HYMC, 25_HYZT, 26_XMMC, 26_YJFX, 27_HDMC, 30_BDMC, 31_XMMC, 31_XMLY, 31_ZZWCDW, 34_XSGZYJZGW_XSGBJL",59,0.72,0.722
41,11_HYLB,"DEPARTMENT, MAJOR, ZYFX, XBMC, ZXWYYZMC, XLMC, XXXSMC, JTDZ, GZZWLBMC, 6_LWMC, 6_FBKW, 10_PIM, 10_QKMC, 10_JSLB, 10_JCRFQ, 10_PM, 11_PIM, 11_HYMC, 11_HYLB, 11_PM, 12_ZZMC, 12_PM, 13_ZLTM, 13_SQLX, 13_ZLWXZL, 14_JXMC, 14_FJJG, 15_HDMC, 15_HDFS, 15_ZZDW, 15_BRJS, 15_HDQDCG, 16_JXMC, 16_CGLB, 16_CGMC, 16_JXJB, 17_HYZT, 17_BRJS, 17_ZBDW, 18_YJFX, 20_FQ, 20_HYMC, 21_CGMC, 21_CGCXD, 21_CGCNYYZHQK, 22_ZLMC, 22_ZLJJ, 22_ZLZHQK, 24_BRSZGZ, 25_HYMC, 25_HYZT, 26_XMMC, 26_YJFX, 27_HDMC, 30_BDMC, 31_XMMC, 31_XMLY, 31_ZZWCDW, 34_XSGZYJZGW_XSGBJL",59,0.713,0.722
42,11_HYMC,"DEPARTMENT, MAJOR, ZYFX, XBMC, ZXWYYZMC, XLMC, XXXSMC, JTDZ, GZZWLBMC, 6_LWMC, 6_FBKW, 10_PIM, 10_QKMC, 10_JSLB, 10_JCRFQ, 10_PM, 11_PIM, 11_HYMC, 11_HYLB, 11_PM, 12_ZZMC, 12_PM, 13_ZLTM, 13_SQLX, 13_ZLWXZL, 14_JXMC, 14_FJJG, 15_HDMC, 15_HDFS, 15_ZZDW, 15_BRJS, 15_HDQDCG, 16_JXMC, 16_CGLB, 16_CGMC, 16_JXJB, 17_HYZT, 17_BRJS, 17_ZBDW, 18_YJFX, 20_FQ, 20_HYMC, 21_CGMC, 21_CGCXD, 21_CGCNYYZHQK, 22_ZLMC, 22_ZLJJ, 22_ZLZHQK, 24_BRSZGZ, 25_HYMC, 25_HYZT, 26_XMMC, 26_YJFX, 27_HDMC, 30_BDMC, 31_XMMC, 31_XMLY, 31_ZZWCDW, 34_XSGZYJZGW_XSGBJL",59,0.716,0.722
43,11_PIM,"DEPARTMENT, MAJOR, ZYFX, XBMC, ZXWYYZMC, XLMC, XXXSMC, JTDZ, GZZWLBMC, 6_LWMC, 6_FBKW, 10_PIM, 10_QKMC, 10_JSLB, 10_JCRFQ, 10_PM, 11_PIM, 11_HYMC, 11_HYLB, 11_PM, 12_ZZMC, 12_PM, 13_ZLTM, 13_SQLX, 13_ZLWXZL, 14_JXMC, 14_FJJG, 15_HDMC, 15_HDFS, 15_ZZDW, 15_BRJS, 15_HDQDCG, 16_JXMC, 16_CGLB, 16_CGMC, 16_JXJB, 17_HYZT, 17_BRJS, 17_ZBDW, 18_YJFX, 20_FQ, 20_HYMC, 21_CGMC, 21_CGCXD, 21_CGCNYYZHQK, 22_ZLMC, 22_ZLJJ, 22_ZLZHQK, 24_BRSZGZ, 25_HYMC, 25_HYZT, 26_XMMC, 26_YJFX, 27_HDMC, 30_BDMC, 31_XMMC, 31_XMLY, 31_ZZWCDW, 34_XSGZYJZGW_XSGBJL",59,0.721,0.722
44,10_PM,"DEPARTMENT, MAJOR, ZYFX, XBMC, ZXWYYZMC, XLMC, XXXSMC, JTDZ, GZZWLBMC, 6_LWMC, 6_FBKW, 10_PIM, 10_QKMC, 10_JSLB, 10_JCRFQ, 10_PM, 11_PIM, 11_HYMC, 11_HYLB, 11_PM, 12_ZZMC, 12_PM, 13_ZLTM, 13_SQLX, 13_ZLWXZL, 14_JXMC, 14_FJJG, 15_HDMC, 15_HDFS, 15_ZZDW, 15_BRJS, 15_HDQDCG, 16_JXMC, 16_CGLB, 16_CGMC, 16_JXJB, 17_HYZT, 17_BRJS, 17_ZBDW, 18_YJFX, 20_FQ, 20_HYMC, 21_CGMC, 21_CGCXD, 21_CGCNYYZHQK, 22_ZLMC, 22_ZLJJ, 22_ZLZHQK, 24_BRSZGZ, 25_HYMC, 25_HYZT, 26_XMMC, 26_YJFX, 27_HDMC, 30_BDMC, 31_XMMC, 31_XMLY, 31_ZZWCDW, 34_XSGZYJZGW_XSGBJL",59,0.711,0.722
45,10_JCRFQ,"DEPARTMENT, MAJOR, ZYFX, XBMC, ZXWYYZMC, XLMC, XXXSMC, JTDZ, GZZWLBMC, 6_LWMC, 6_FBKW, 10_PIM, 10_QKMC, 10_JSLB, 10_JCRFQ, 10_PM, 11_PIM, 11_HYMC, 11_HYLB, 11_PM, 12_ZZMC, 12_PM, 13_ZLTM, 13_SQLX, 13_ZLWXZL, 14_JXMC, 14_FJJG, 15_HDMC, 15_HDFS, 15_ZZDW, 15_BRJS, 15_HDQDCG, 16_JXMC, 16_CGLB, 16_CGMC, 16_JXJB, 17_HYZT, 17_BRJS, 17_ZBDW, 18_YJFX, 20_FQ, 20_HYMC, 21_CGMC, 21_CGCXD, 21_CGCNYYZHQK, 22_ZLMC, 22_ZLJJ, 22_ZLZHQK, 24_BRSZGZ, 25_HYMC, 25_HYZT, 26_XMMC, 26_YJFX, 27_HDMC, 30_BDMC, 31_XMMC, 31_XMLY, 31_ZZWCDW, 34_XSGZYJZGW_XSGBJL",59,0.714,0.722
46,10_JSLB,"DEPARTMENT, MAJOR, ZYFX, XBMC, ZXWYYZMC, XLMC, XXXSMC, JTDZ, GZZWLBMC, 6_LWMC, 6_FBKW, 10_PIM, 10_QKMC, 10_JSLB, 10_JCRFQ, 10_PM, 11_PIM, 11_HYMC, 11_HYLB, 11_PM, 12_ZZMC, 12_PM, 13_ZLTM, 13_SQLX, 13_ZLWXZL, 14_JXMC, 14_FJJG, 15_HDMC, 15_HDFS, 15_ZZDW, 15_BRJS, 15_HDQDCG, 16_JXMC, 16_CGLB, 16_CGMC, 16_JXJB, 17_HYZT, 17_BRJS, 17_ZBDW, 18_YJFX, 20_FQ, 20_HYMC, 21_CGMC, 21_CGCXD, 21_CGCNYYZHQK, 22_ZLMC, 22_ZLJJ, 22_ZLZHQK, 24_BRSZGZ, 25_HYMC, 25_HYZT, 26_XMMC, 26_YJFX, 27_HDMC, 30_BDMC, 31_XMMC, 31_XMLY, 31_ZZWCDW, 34_XSGZYJZGW_XSGBJL",59,0.713,0.722
47,10_QKMC,"DEPARTMENT, MAJOR, ZYFX, XBMC, ZXWYYZMC, XLMC, XXXSMC, JTDZ, GZZWLBMC, 6_LWMC, 6_FBKW, 10_PIM, 10_QKMC, 10_JSLB, 10_JCRFQ, 10_PM, 11_PIM, 11_HYMC, 11_HYLB, 11_PM, 12_ZZMC, 12_PM, 13_ZLTM, 13_SQLX, 13_ZLWXZL, 14_JXMC, 14_FJJG, 15_HDMC, 15_HDFS, 15_ZZDW, 15_BRJS, 15_HDQDCG, 16_JXMC, 16_CGLB, 16_CGMC, 16_JXJB, 17_HYZT, 17_BRJS, 17_ZBDW, 18_YJFX, 20_FQ, 20_HYMC, 21_CGMC, 21_CGCXD, 21_CGCNYYZHQK, 22_ZLMC, 22_ZLJJ, 22_ZLZHQK, 24_BRSZGZ, 25_HYMC, 25_HYZT, 26_XMMC, 26_YJFX, 27_HDMC, 30_BDMC, 31_XMMC, 31_XMLY, 31_ZZWCDW, 34_XSGZYJZGW_XSGBJL",59,0.717,0.722
48,10_PIM,"DEPARTMENT, MAJOR, ZYFX, XBMC, ZXWYYZMC, XLMC, XXXSMC, JTDZ, GZZWLBMC, 6_LWMC, 6_FBKW, 10_PIM, 10_QKMC, 10_JSLB, 10_JCRFQ, 10_PM, 11_PIM, 11_HYMC, 11_HYLB, 11_PM, 12_ZZMC, 12_PM, 13_ZLTM, 13_SQLX, 13_ZLWXZL, 14_JXMC, 14_FJJG, 15_HDMC, 15_HDFS, 15_ZZDW, 15_BRJS, 15_HDQDCG, 16_JXMC, 16_CGLB, 16_CGMC, 16_JXJB, 17_HYZT, 17_BRJS, 17_ZBDW, 18_YJFX, 20_FQ, 20_HYMC, 21_CGMC, 21_CGCXD, 21_CGCNYYZHQK, 22_ZLMC, 22_ZLJJ, 22_ZLZHQK, 24_BRSZGZ, 25_HYMC, 25_HYZT, 26_XMMC, 26_YJFX, 27_HDMC, 30_BDMC, 31_XMMC, 31_XMLY, 31_ZZWCDW, 34_XSGZYJZGW_XSGBJL",59,0.7,0.722
49,6_FBKW,"DEPARTMENT, MAJOR, ZYFX, XBMC, ZXWYYZMC, XLMC, XXXSMC, JTDZ, GZZWLBMC, 6_LWMC, 6_FBKW, 10_PIM, 10_QKMC, 10_JSLB, 10_JCRFQ, 10_PM, 11_PIM, 11_HYMC, 11_HYLB, 11_PM, 12_ZZMC, 12_PM, 13_ZLTM, 13_SQLX, 13_ZLWXZL, 14_JXMC, 14_FJJG, 15_HDMC, 15_HDFS, 15_ZZDW, 15_BRJS, 15_HDQDCG, 16_JXMC, 16_CGLB, 16_CGMC, 16_JXJB, 17_HYZT, 17_BRJS, 17_ZBDW, 18_YJFX, 20_FQ, 20_HYMC, 21_CGMC, 21_CGCXD, 21_CGCNYYZHQK, 22_ZLMC, 22_ZLJJ, 22_ZLZHQK, 24_BRSZGZ, 25_HYMC, 25_HYZT, 26_XMMC, 26_YJFX, 27_HDMC, 30_BDMC, 31_XMMC, 31_XMLY, 31_ZZWCDW, 34_XSGZYJZGW_XSGBJL",59,0.715,0.722
50,6_LWMC,"DEPARTMENT, MAJOR, ZYFX, XBMC, ZXWYYZMC, XLMC, XXXSMC, JTDZ, GZZWLBMC, 6_LWMC, 6_FBKW, 10_PIM, 10_QKMC, 10_JSLB, 10_JCRFQ, 10_PM, 11_PIM, 11_HYMC, 11_HYLB, 11_PM, 12_ZZMC, 12_PM, 13_ZLTM, 13_SQLX, 13_ZLWXZL, 14_JXMC, 14_FJJG, 15_HDMC, 15_HDFS, 15_ZZDW, 15_BRJS, 15_HDQDCG, 16_JXMC, 16_CGLB, 16_CGMC, 16_JXJB, 17_HYZT, 17_BRJS, 17_ZBDW, 18_YJFX, 20_FQ, 20_HYMC, 21_CGMC, 21_CGCXD, 21_CGCNYYZHQK, 22_ZLMC, 22_ZLJJ, 22_ZLZHQK, 24_BRSZGZ, 25_HYMC, 25_HYZT, 26_XMMC, 26_YJFX, 27_HDMC, 30_BDMC, 31_XMMC, 31_XMLY, 31_ZZWCDW, 34_XSGZYJZGW_XSGBJL",59,0.7,0.722
51,GZZWLBMC,"DEPARTMENT, MAJOR, ZYFX, XBMC, ZXWYYZMC, XLMC, XXXSMC, JTDZ, GZZWLBMC, 6_LWMC, 6_FBKW, 10_PIM, 10_QKMC, 10_JSLB, 10_JCRFQ, 10_PM, 11_PIM, 11_HYMC, 11_HYLB, 11_PM, 12_ZZMC, 12_PM, 13_ZLTM, 13_SQLX, 13_ZLWXZL, 14_JXMC, 14_FJJG, 15_HDMC, 15_HDFS, 15_ZZDW, 15_BRJS, 15_HDQDCG, 16_JXMC, 16_CGLB, 16_CGMC, 16_JXJB, 17_HYZT, 17_BRJS, 17_ZBDW, 18_YJFX, 20_FQ, 20_HYMC, 21_CGMC, 21_CGCXD, 21_CGCNYYZHQK, 22_ZLMC, 22_ZLJJ, 22_ZLZHQK, 24_BRSZGZ, 25_HYMC, 25_HYZT, 26_XMMC, 26_YJFX, 27_HDMC, 30_BDMC, 31_XMMC, 31_XMLY, 31_ZZWCDW, 34_XSGZYJZGW_XSGBJL",59,0.709,0.722
52,JTDZ,"DEPARTMENT, MAJOR, ZYFX, XBMC, ZXWYYZMC, XLMC, XXXSMC, JTDZ, GZZWLBMC, 6_LWMC, 6_FBKW, 10_PIM, 10_QKMC, 10_JSLB, 10_JCRFQ, 10_PM, 11_PIM, 11_HYMC, 11_HYLB, 11_PM, 12_ZZMC, 12_PM, 13_ZLTM, 13_SQLX, 13_ZLWXZL, 14_JXMC, 14_FJJG, 15_HDMC, 15_HDFS, 15_ZZDW, 15_BRJS, 15_HDQDCG, 16_JXMC, 16_CGLB, 16_CGMC, 16_JXJB, 17_HYZT, 17_BRJS, 17_ZBDW, 18_YJFX, 20_FQ, 20_HYMC, 21_CGMC, 21_CGCXD, 21_CGCNYYZHQK, 22_ZLMC, 22_ZLJJ, 22_ZLZHQK, 24_BRSZGZ, 25_HYMC, 25_HYZT, 26_XMMC, 26_YJFX, 27_HDMC, 30_BDMC, 31_XMMC, 31_XMLY, 31_ZZWCDW, 34_XSGZYJZGW_XSGBJL",59,0.706,0.722
53,XXXSMC,"DEPARTMENT, MAJOR, ZYFX, XBMC, ZXWYYZMC, XLMC, XXXSMC, JTDZ, GZZWLBMC, 6_LWMC, 6_FBKW, 10_PIM, 10_QKMC, 10_JSLB, 10_JCRFQ, 10_PM, 11_PIM, 11_HYMC, 11_HYLB, 11_PM, 12_ZZMC, 12_PM, 13_ZLTM, 13_SQLX, 13_ZLWXZL, 14_JXMC, 14_FJJG, 15_HDMC, 15_HDFS, 15_ZZDW, 15_BRJS, 15_HDQDCG, 16_JXMC, 16_CGLB, 16_CGMC, 16_JXJB, 17_HYZT, 17_BRJS, 17_ZBDW, 18_YJFX, 20_FQ, 20_HYMC, 21_CGMC, 21_CGCXD, 21_CGCNYYZHQK, 22_ZLMC, 22_ZLJJ, 22_ZLZHQK, 24_BRSZGZ, 25_HYMC, 25_HYZT, 26_XMMC, 26_YJFX, 27_HDMC, 30_BDMC, 31_XMMC, 31_XMLY, 31_ZZWCDW, 34_XSGZYJZGW_XSGBJL",59,0.705,0.722
54,XLMC,"DEPARTMENT, MAJOR, ZYFX, XBMC, ZXWYYZMC, XLMC, XXXSMC, JTDZ, GZZWLBMC, 6_LWMC, 6_FBKW, 10_PIM, 10_QKMC, 10_JSLB, 10_JCRFQ, 10_PM, 11_PIM, 11_HYMC, 11_HYLB, 11_PM, 12_ZZMC, 12_PM, 13_ZLTM, 13_SQLX, 13_ZLWXZL, 14_JXMC, 14_FJJG, 15_HDMC, 15_HDFS, 15_ZZDW, 15_BRJS, 15_HDQDCG, 16_JXMC, 16_CGLB, 16_CGMC, 16_JXJB, 17_HYZT, 17_BRJS, 17_ZBDW, 18_YJFX, 20_FQ, 20_HYMC, 21_CGMC, 21_CGCXD, 21_CGCNYYZHQK, 22_ZLMC, 22_ZLJJ, 22_ZLZHQK, 24_BRSZGZ, 25_HYMC, 25_HYZT, 26_XMMC, 26_YJFX, 27_HDMC, 30_BDMC, 31_XMMC, 31_XMLY, 31_ZZWCDW, 34_XSGZYJZGW_XSGBJL",59,0.715,0.722
55,ZXWYYZMC,"DEPARTMENT, MAJOR, ZYFX, XBMC, ZXWYYZMC, XLMC, XXXSMC, JTDZ, GZZWLBMC, 6_LWMC, 6_FBKW, 10_PIM, 10_QKMC, 10_JSLB, 10_JCRFQ, 10_PM, 11_PIM, 11_HYMC, 11_HYLB, 11_PM, 12_ZZMC, 12_PM, 13_ZLTM, 13_SQLX, 13_ZLWXZL, 14_JXMC, 14_FJJG, 15_HDMC, 15_HDFS, 15_ZZDW, 15_BRJS, 15_HDQDCG, 16_JXMC, 16_CGLB, 16_CGMC, 16_JXJB, 17_HYZT, 17_BRJS, 17_ZBDW, 18_YJFX, 20_FQ, 20_HYMC, 21_CGMC, 21_CGCXD, 21_CGCNYYZHQK, 22_ZLMC, 22_ZLJJ, 22_ZLZHQK, 24_BRSZGZ, 25_HYMC, 25_HYZT, 26_XMMC, 26_YJFX, 27_HDMC, 30_BDMC, 31_XMMC, 31_XMLY, 31_ZZWCDW, 34_XSGZYJZGW_XSGBJL",59,0.715,0.722
56,XBMC,"DEPARTMENT, MAJOR, ZYFX, XBMC, ZXWYYZMC, XLMC, XXXSMC, JTDZ, GZZWLBMC, 6_LWMC, 6_FBKW, 10_PIM, 10_QKMC, 10_JSLB, 10_JCRFQ, 10_PM, 11_PIM, 11_HYMC, 11_HYLB, 11_PM, 12_ZZMC, 12_PM, 13_ZLTM, 13_SQLX, 13_ZLWXZL, 14_JXMC, 14_FJJG, 15_HDMC, 15_HDFS, 15_ZZDW, 15_BRJS, 15_HDQDCG, 16_JXMC, 16_CGLB, 16_CGMC, 16_JXJB, 17_HYZT, 17_BRJS, 17_ZBDW, 18_YJFX, 20_FQ, 20_HYMC, 21_CGMC, 21_CGCXD, 21_CGCNYYZHQK, 22_ZLMC, 22_ZLJJ, 22_ZLZHQK, 24_BRSZGZ, 25_HYMC, 25_HYZT, 26_XMMC, 26_YJFX, 27_HDMC, 30_BDMC, 31_XMMC, 31_XMLY, 31_ZZWCDW, 34_XSGZYJZGW_XSGBJL",59,0.706,0.722
57,ZYFX,"DEPARTMENT, MAJOR, ZYFX, XBMC, ZXWYYZMC, XLMC, XXXSMC, JTDZ, GZZWLBMC, 6_LWMC, 6_FBKW, 10_PIM, 10_QKMC, 10_JSLB, 10_JCRFQ, 10_PM, 11_PIM, 11_HYMC, 11_HYLB, 11_PM, 12_ZZMC, 12_PM, 13_ZLTM, 13_SQLX, 13_ZLWXZL, 14_JXMC, 14_FJJG, 15_HDMC, 15_HDFS, 15_ZZDW, 15_BRJS, 15_HDQDCG, 16_JXMC, 16_CGLB, 16_CGMC, 16_JXJB, 17_HYZT, 17_BRJS, 17_ZBDW, 18_YJFX, 20_FQ, 20_HYMC, 21_CGMC, 21_CGCXD, 21_CGCNYYZHQK, 22_ZLMC, 22_ZLJJ, 22_ZLZHQK, 24_BRSZGZ, 25_HYMC, 25_HYZT, 26_XMMC, 26_YJFX, 27_HDMC, 30_BDMC, 31_XMMC, 31_XMLY, 31_ZZWCDW, 34_XSGZYJZGW_XSGBJL",59,0.711,0.722
58,MAJOR,"DEPARTMENT, MAJOR, ZYFX, XBMC, ZXWYYZMC, XLMC, XXXSMC, JTDZ, GZZWLBMC, 6_LWMC, 6_FBKW, 10_PIM, 10_QKMC, 10_JSLB, 10_JCRFQ, 10_PM, 11_PIM, 11_HYMC, 11_HYLB, 11_PM, 12_ZZMC, 12_PM, 13_ZLTM, 13_SQLX, 13_ZLWXZL, 14_JXMC, 14_FJJG, 15_HDMC, 15_HDFS, 15_ZZDW, 15_BRJS, 15_HDQDCG, 16_JXMC, 16_CGLB, 16_CGMC, 16_JXJB, 17_HYZT, 17_BRJS, 17_ZBDW, 18_YJFX, 20_FQ, 20_HYMC, 21_CGMC, 21_CGCXD, 21_CGCNYYZHQK, 22_ZLMC, 22_ZLJJ, 22_ZLZHQK, 24_BRSZGZ, 25_HYMC, 25_HYZT, 26_XMMC, 26_YJFX, 27_HDMC, 30_BDMC, 31_XMMC, 31_XMLY, 31_ZZWCDW, 34_XSGZYJZGW_XSGBJL",59,0.715,0.722
